model_id,timing_mode,checkpoint_id,outcome_id,forecast_origin,forecast_origin_date,target_quarter,forecast_value,realized_value,forecast_error,calibration_n,predictive_variance,predictive_sd,log_score,crps,pit,prob_below_zero,prob_large_positive_revision_gt_0p2,prob_large_negative_revision_lt_minus_0p2,realized_below_zero,realized_large_positive_revision_gt_0p2,realized_large_negative_revision_lt_minus_0p2,lower_68,upper_68,covered_68,lower_90,upper_90,covered_90,density_method
indicator_revision_only_dfm_kalman_em,exact,pre_advance,DELTA_SA,2024:Q1:pre_advance:exact,2024-04-24,2024:Q1,0.0,-0.3404999999999998,0.3404999999999998,0,5.3183020046982765,2.306144402395105,-1.7654156924346593,0.5589546288544345,0.44130987666166677,0.5,0.4654451164126969,0.4654451164126969,True,False,True,-2.306144402395105,2.306144402395105,True,-3.7932699845534237,3.7932699845534237,True,model_implied_state_space
indicator_revision_only_dfm_kalman_em,exact,pre_advance,DELTA_SA,2024:Q2:pre_advance:exact,2024-07-24,2024:Q2,0.0,0.1112999999999999,-0.1112999999999999,1,6.205217004568622,2.4910272990412254,-1.8326318958416092,0.5841241477420182,0.5178189563055853,0.5,0.4680040371189669,0.46800403711896693,False,False,False,-2.4910272990412254,2.4910272990412254,True,-4.097375287663089,4.097375287663089,True,model_implied_state_space
indicator_revision_only_dfm_kalman_em,exact,pre_advance,DELTA_SA,2024:Q3:pre_advance:exact,2024-10-29,2024:Q3,0.0,0.0087999999999999,-0.0087999999999999,2,5.268394022291103,2.295298242558274,-1.749808670946688,0.5364131302999351,0.5015295108068579,0.5,0.4652822432600574,0.46528224326005735,False,False,False,-2.295298242558274,2.295298242558274,True,-3.7754296392073172,3.7754296392073172,True,model_implied_state_space
indicator_revision_only_dfm_kalman_em,exact,pre_advance,DELTA_SA,2024:Q4:pre_advance:exact,2025-01-29,2024:Q4,0.0,0.0939000000000001,-0.0939000000000001,3,6.139670179072702,2.477835785332172,-1.8270420975961978,0.5804772165799201,0.5151146884061437,0.5,0.46783406548498563,0.46783406548498563,False,False,False,-2.477835785332172,2.477835785332172,True,-4.075677178493772,4.075677178493772,True,model_implied_state_space
indicator_revision_only_dfm_kalman_em,exact,pre_second,DELTA_TS,2024:Q1:pre_second:exact,2024-05-29,2024:Q1,0.0,0.1602999999999999,-0.1602999999999999,0,6.399936705794071,2.529809618487935,-1.8490901103883237,0.5952546310452441,0.5252618532086972,0.5,0.4684935105144852,0.4684935105144851,False,False,False,-2.529809618487935,2.529809618487935,True,-4.1611665264666,4.1611665264666,True,model_implied_state_space
indicator_revision_only_dfm_kalman_em,exact,pre_second,DELTA_TS,2024:Q2:pre_second:exact,2024-08-28,2024:Q2,0.0,0.0381,-0.0381,1,5.429374573067271,2.330101837488497,-1.7649841880470025,0.5447816239791443,0.5065229010000589,0.5,0.46579952359045973,0.4657995235904597,False,False,False,-2.330101837488497,2.330101837488497,True,-3.8326764585592445,3.8326764585592445,True,model_implied_state_space
indicator_revision_only_dfm_kalman_em,exact,pre_second,DELTA_TS,2024:Q3:pre_second:exact,2024-11-26,2024:Q3,0.0,0.2393999999999998,-0.2393999999999998,2,5.402992896112675,2.324433887232045,-1.7677188136767843,0.5530363512986344,0.5410156651080618,0.5,0.46571633375003896,0.46571633375003896,False,True,False,-2.324433887232045,2.324433887232045,True,-3.823353510022539,3.823353510022539,True,model_implied_state_space
indicator_revision_only_dfm_kalman_em,exact,pre_second,DELTA_TS,2024:Q4:pre_second:exact,2025-02-26,2024:Q4,0.0,0.1044,-0.1044,3,5.369332061760892,2.317181922456865,-1.7603052561879753,0.5433899695060183,0.517968156499596,0.5,0.4656093036888005,0.46560930368880055,False,False,False,-2.317181922456865,2.317181922456865,True,-3.811425089459559,3.811425089459559,True,model_implied_state_space
indicator_revision_only_dfm_kalman_em,exact,pre_third,DELTA_MT,2024:Q1:pre_third:exact,2024-06-26,2024:Q1,0.0,0.2056592876951779,-0.2056592876951779,0,8.323147520814922,2.8849865720337284,-1.9809996289779932,0.68005314398845,0.5284149499782529,0.5,0.4723656969439838,0.47236569694398384,False,True,False,-2.8849865720337284,2.8849865720337284,True,-4.745380626715973,4.745380626715973,True,model_implied_state_space
indicator_revision_only_dfm_kalman_em,exact,pre_third,DELTA_MT,2024:Q2:pre_third:exact,2024-09-25,2024:Q2,0.0,-0.0437723642950023,0.0437723642950023,1,8.288807466267704,2.8790289102868876,-1.9765071653068826,0.6730800903013148,0.4939347694560846,0.5,0.4723086042760368,0.4723086042760368,True,False,False,-2.8790289102868876,2.8790289102868876,True,-4.735581145183532,4.735581145183532,True,model_implied_state_space
indicator_revision_only_dfm_kalman_em,exact,pre_third,DELTA_MT,2024:Q3:pre_third:exact,2024-12-18,2024:Q3,0.0,-0.0462312113229965,0.0462312113229965,2,8.255082499908964,2.873165936716667,-1.9744825239220352,0.671741211763759,0.4935810219680806,0.5,0.472252188415452,0.472252188415452,True,False,False,-2.873165936716667,2.873165936716667,True,-4.725937411841834,4.725937411841834,True,model_implied_state_space
indicator_revision_only_dfm_kalman_em,exact,pre_third,DELTA_MT,2024:Q4:pre_third:exact,2025-03-26,2024:Q4,0.0,-0.615441403939172,0.615441403939172,3,9.14520475422484,3.024103958898378,-2.046261933190233,0.7565135606754789,0.41936743893679407,0.5,0.4736350564806172,0.4736350564806172,True,False,True,-3.024103958898378,3.024103958898378,True,-4.974208365072302,4.974208365072302,True,model_implied_state_space
indicator_revision_only_dfm_kalman_em,pseudo,pre_advance,DELTA_SA,2024:Q1:pre_advance:pseudo,2024-04-30,2024:Q1,0.0,-0.3404999999999998,0.3404999999999998,0,5.318284589285202,2.3061406265198143,-1.7654140908163067,0.5589537791119984,0.44130978126379844,0.5,0.46544505997721874,0.46544505997721874,True,False,True,-2.3061406265198143,2.3061406265198143,True,-3.793263773791257,3.793263773791257,True,model_implied_state_space
indicator_revision_only_dfm_kalman_em,pseudo,pre_advance,DELTA_SA,2024:Q2:pre_advance:pseudo,2024-07-31,2024:Q2,0.0,0.1112999999999999,-0.1112999999999999,1,6.204939441008207,2.4909715857488632,-1.8326095746533537,0.5841111721755898,0.5178193545808043,0.5,0.46800332303082515,0.4680033230308251,False,False,False,-2.4909715857488632,2.4909715857488632,True,-4.097283647452078,4.097283647452078,True,model_implied_state_space
indicator_revision_only_dfm_kalman_em,pseudo,pre_advance,DELTA_SA,2024:Q3:pre_advance:pseudo,2024-10-31,2024:Q3,0.0,0.0087999999999999,-0.0087999999999999,2,5.268437674574656,2.2953077516042715,-1.7498128137139985,0.5364153524604621,0.5015295044704016,0.5,0.4652823867258262,0.4652823867258262,False,False,False,-2.2953077516042715,2.2953077516042715,True,-3.7754452801961147,3.7754452801961147,True,model_implied_state_space
indicator_revision_only_dfm_kalman_em,pseudo,pre_advance,DELTA_SA,2024:Q4:pre_advance:pseudo,2025-01-31,2024:Q4,0.0,0.0939000000000001,-0.0939000000000001,3,6.139671607159553,2.4778360735043696,-1.8270422137291302,0.580477283759274,0.5151146866491476,0.5,0.46783406921776516,0.4678340692177651,False,False,False,-2.4778360735043696,2.4778360735043696,True,-4.075677652494857,4.075677652494857,True,model_implied_state_space
indicator_revision_only_dfm_kalman_em,pseudo,pre_second,DELTA_TS,2024:Q1:pre_second:pseudo,2024-05-31,2024:Q1,0.0,0.1602999999999999,-0.1602999999999999,0,6.39987869652013,2.529798153315819,-1.8490855965449038,0.595251970038392,0.5252619675435388,0.5,0.4684933680227288,0.46849336802272873,False,False,False,-2.529798153315819,2.529798153315819,True,-4.161147667936661,4.161147667936661,True,model_implied_state_space
indicator_revision_only_dfm_kalman_em,pseudo,pre_second,DELTA_TS,2024:Q2:pre_second:pseudo,2024-08-31,2024:Q2,0.0,0.0381,-0.0381,1,5.429376264213095,2.330102200379437,-1.7649843437457289,0.5447817087462306,0.5065228999842706,0.5,0.4657995289037864,0.46579952890378634,False,False,False,-2.330102200379437,2.330102200379437,True,-3.832677055461723,3.832677055461723,True,model_implied_state_space
indicator_revision_only_dfm_kalman_em,pseudo,pre_second,DELTA_TS,2024:Q3:pre_second:pseudo,2024-11-30,2024:Q3,0.0,0.2393999999999998,-0.2393999999999998,2,5.402932142275772,2.324420818671992,-1.767713251044666,0.5530333523990835,0.5410158948956612,0.5,0.4657161414726445,0.46571614147264445,False,True,False,-2.324420818671992,2.324420818671992,True,-3.8233320141541363,3.8233320141541363,True,model_implied_state_space
indicator_revision_only_dfm_kalman_em,pseudo,pre_second,DELTA_TS,2024:Q4:pre_second:pseudo,2025-02-28,2024:Q4,0.0,0.1044,-0.1044,3,5.369359455603583,2.317187833474788,-1.7603078019576575,0.543391346096772,0.5179681106948292,0.5,0.4656093911999293,0.4656093911999292,False,False,False,-2.317187833474788,2.317187833474788,True,-3.811434812218829,3.811434812218829,True,model_implied_state_space
indicator_revision_only_dfm_kalman_em,pseudo,pre_third,DELTA_MT,2024:Q1:pre_third:pseudo,2024-06-30,2024:Q1,0.0,0.2056592876951779,-0.2056592876951779,0,8.323093606376458,2.8849772280516284,-1.980996406601233,0.6800509792658849,0.5284150418539664,0.5,0.47236560758416324,0.47236560758416324,False,True,False,-2.8849772280516284,2.8849772280516284,True,-4.745365257233125,4.745365257233125,True,model_implied_state_space
indicator_revision_only_dfm_kalman_em,pseudo,pre_third,DELTA_MT,2024:Q2:pre_third:pseudo,2024-09-30,2024:Q2,0.0,-0.0437723642950023,0.0437723642950023,1,8.288563255568981,2.8789864979830977,-1.9764924371421528,0.6730701826699756,0.49393468011194225,0.5,0.4723081969910987,0.4723081969910987,True,False,False,-2.8789864979830977,2.8789864979830977,True,-4.735511383151816,4.735511383151816,True,model_implied_state_space
indicator_revision_only_dfm_kalman_em,pseudo,pre_third,DELTA_MT,2024:Q3:pre_third:pseudo,2024-12-31,2024:Q3,0.0,-0.0462312113229965,0.0462312113229965,2,8.255077350222448,2.8731650405471747,-1.974482212092637,0.6717410024260091,0.4935810199661087,0.5,0.47225217977459644,0.4722521797745964,True,False,False,-2.8731650405471747,2.8731650405471747,True,-4.725935937774194,4.725935937774194,True,model_implied_state_space
indicator_revision_only_dfm_kalman_em,pseudo,pre_third,DELTA_MT,2024:Q4:pre_third:pseudo,2025-03-31,2024:Q4,0.0,-0.615441403939172,0.615441403939172,3,9.145201966815128,3.0241034980329506,-2.0462617871047346,0.7565134605101386,0.41936742681731587,0.5,0.47363505246852367,0.47363505246852367,True,False,True,-3.0241034980329506,3.0241034980329506,True,-4.974207607016133,4.974207607016133,True,model_implied_state_space
joint_indicator_revision_dfm_full_kalman_em,exact,pre_advance,DELTA_SA,2024:Q1:pre_advance:exact,2024-04-24,2024:Q1,0.1291273724343367,-0.3404999999999998,0.4696273724343365,0,8.457046485521907,2.908100150531599,-1.9994779464311168,0.7097985380927012,0.43585397643226526,0.48229172202671,0.4902784334719241,0.4549454799891557,True,False,True,-2.778972778097262,3.0372275229659356,True,-4.654271707705686,4.91252645257436,True,model_implied_state_space
joint_indicator_revision_dfm_full_kalman_em,exact,pre_advance,DELTA_SA,2024:Q2:pre_advance:exact,2024-07-24,2024:Q2,-0.1159491324115511,0.1112999999999999,-0.2272491324115511,1,9.166302247605142,3.0275901716720415,-2.0295224709331943,0.7143342558980897,0.5299162786483331,0.5152747576935409,0.4584431661865125,0.48892613061216994,False,False,False,-3.1435393040835926,2.9116410392604903,True,-5.095891807208939,4.863993542385837,True,model_implied_state_space
joint_indicator_revision_dfm_full_kalman_em,exact,pre_advance,DELTA_SA,2024:Q3:pre_advance:exact,2024-10-29,2024:Q3,0.1299266451987666,0.0087999999999999,0.1211266451987667,2,8.386754741618637,2.895989423602689,-1.9831400482241142,0.6787990096215656,0.4833188428682542,0.48210772161325005,0.4903478596634586,0.4546484800014278,False,False,False,-2.7660627784039225,3.0259160688014557,True,-4.63355206182722,4.893405352224753,True,model_implied_state_space
joint_indicator_revision_dfm_full_kalman_em,exact,pre_advance,DELTA_SA,2024:Q4:pre_advance:exact,2025-01-29,2024:Q4,0.0596309809065029,0.0939000000000001,-0.0342690190934971,3,9.082639257005216,3.013741736945158,-2.0221855908508317,0.704451760954298,0.5045362433845919,0.49210689919060135,0.48142545013669236,0.46567396701288144,False,False,False,-2.954110756038655,3.0733727178516608,True,-4.89753304580277,5.016795007615776,True,model_implied_state_space
joint_indicator_revision_dfm_full_kalman_em,exact,pre_second,DELTA_TS,2024:Q1:pre_second:exact,2024-05-29,2024:Q1,0.0007391365117004,0.1602999999999999,-0.1595608634882994,0,6.659302580322218,2.580562454257253,-1.8688575006547818,0.6069991703512287,0.524651616874072,0.4998857331272927,0.46922583315858246,0.4689979847429003,False,False,False,-2.5798233177455527,2.5813015907689536,True,-4.243908375948135,4.245386648971535,True,model_implied_state_space
joint_indicator_revision_dfm_full_kalman_em,exact,pre_second,DELTA_TS,2024:Q2:pre_second:exact,2024-08-28,2024:Q2,-0.0001467856717956,0.0381,-0.0382467856717956,1,5.789923958302518,2.4062260821258086,-1.7971244366507717,0.5625654733398522,0.5063408910472271,0.5000243364540993,0.4668547198203954,0.46690322488894576,False,False,False,-2.406372867797604,2.406079296454013,True,-3.9580364841216626,3.9577429127780714,True,model_implied_state_space
joint_indicator_revision_dfm_full_kalman_em,exact,pre_second,DELTA_TS,2024:Q3:pre_second:exact,2024-11-26,2024:Q3,-3.812198732822125e-05,0.2393999999999998,-0.239438121987328,2,5.762872187788309,2.400598297880824,-1.7996306657743208,0.5705273347134894,0.5397250330350818,0.5000063352842377,0.46679519175710205,0.46680781842869074,False,True,False,-2.4006364198681522,2.400560175893496,True,-3.9486709391101322,3.948594695135476,True,model_implied_state_space
joint_indicator_revision_dfm_full_kalman_em,exact,pre_second,DELTA_TS,2024:Q4:pre_second:exact,2025-02-26,2024:Q4,0.000423595115286,0.1044,-0.103976404884714,3,5.7314336862689,2.3940412875029744,-1.7928645267859398,0.5612766981661013,0.5173211495169892,0.4999294122447848,0.4667811315663648,0.4666404478333324,False,False,False,-2.3936176923876884,2.3944648826182604,True,-3.9374238997055535,3.9382710899361255,True,model_implied_state_space
joint_indicator_revision_dfm_full_kalman_em,exact,pre_third,DELTA_MT,2024:Q1:pre_third:exact,2024-06-26,2024:Q1,0.0611565839785854,0.2056592876951779,-0.1445027037165924,0,9.682770554797518,3.1117150503858024,-2.05519082760035,0.7298687821202069,0.5185195379522913,0.49215982951976545,0.48220526814314546,0.46655727772386063,False,True,False,-3.050558466407217,3.172871634364388,True,-5.057159202687985,5.179472370645155,True,model_implied_state_space
joint_indicator_revision_dfm_full_kalman_em,exact,pre_third,DELTA_MT,2024:Q2:pre_third:exact,2024-09-25,2024:Q2,-0.0102043837478995,-0.0437723642950023,0.0335679805471027,1,9.644970520654578,3.1056352845520316,-2.0522152425095723,0.725916112934103,0.49568802363124664,0.5013108277129515,0.4730182643667248,0.4756344891285839,True,False,False,-3.115839668299931,3.095430900804132,True,-5.118519845531776,5.098111078035978,True,model_implied_state_space
joint_indicator_revision_dfm_full_kalman_em,exact,pre_third,DELTA_MT,2024:Q3:pre_third:exact,2024-12-18,2024:Q3,0.0057050237789075,-0.0462312113229965,0.0519362351019041,2,9.607780571890723,3.099642007053512,-2.0503655308134223,0.7247179280303275,0.493315811773676,0.49926573007272823,0.47500945246385906,0.47354396640672186,True,False,False,-3.093936983274604,3.1053470308324194,True,-5.092752373774202,5.104162421332017,True,model_implied_state_space
joint_indicator_revision_dfm_full_kalman_em,exact,pre_third,DELTA_MT,2024:Q4:pre_third:exact,2025-03-26,2024:Q4,0.0399692287545003,-0.615441403939172,0.6554106326936724,3,10.489028961847522,3.2386770388304424,-2.1145802392524495,0.8095965628421029,0.4198137929127626,0.4950766901669255,0.48029532742281433,0.4704674640003319,True,False,True,-3.198707810075942,3.278646267584943,True,-5.287180445090208,5.367118902599207,True,model_implied_state_space
joint_indicator_revision_dfm_full_kalman_em,pseudo,pre_advance,DELTA_SA,2024:Q1:pre_advance:pseudo,2024-04-30,2024:Q1,0.128165435454806,-0.3404999999999998,0.4686654354548059,0,8.457032101676615,2.9080976774648777,-1.9994237555957424,0.7096747020402707,0.43598417793336797,0.48242353955719874,0.4901465032851904,0.4550765634898207,True,False,True,-2.7799322420100716,3.0362631129196838,True,-4.655229576852451,4.911560447762063,True,model_implied_state_space
joint_indicator_revision_dfm_full_kalman_em,pseudo,pre_advance,DELTA_SA,2024:Q2:pre_advance:pseudo,2024-07-31,2024:Q2,-0.0956775752196748,0.1112999999999999,-0.2069775752196747,1,9.16602786941954,3.0275448583661877,-2.0290274211732044,0.7131648568096157,0.5272523891656733,0.5126054210095271,0.4611001501260108,0.48625606107927366,False,False,False,-3.1232224335858625,2.931867283146513,True,-5.07554571626158,4.88419056582223,True,model_implied_state_space
joint_indicator_revision_dfm_full_kalman_em,pseudo,pre_advance,DELTA_SA,2024:Q3:pre_advance:pseudo,2024-10-31,2024:Q3,0.1277190038960669,0.0087999999999999,0.118919003896067,2,8.386789041596144,2.8959953455757046,-1.983110496112857,0.6787274083547474,0.4836227328960016,0.48241157444621763,0.49004385423076324,0.4549507352766957,False,False,False,-2.7682763416796377,3.0237143494717715,True,-4.635769443908713,4.891207451700846,True,model_implied_state_space
joint_indicator_revision_dfm_full_kalman_em,pseudo,pre_advance,DELTA_SA,2024:Q4:pre_advance:pseudo,2025-01-31,2024:Q4,0.0585398428058558,0.0939000000000001,-0.0353601571941442,3,9.082640531199004,3.0137419483424597,-2.0221898434179137,0.7044618672733862,0.5046806721792032,0.49225131073792383,0.48128117049201813,0.4658178754123553,False,False,False,-2.955202105536604,3.0722817911483156,True,-4.898624531621035,5.015704217232747,True,model_implied_state_space
joint_indicator_revision_dfm_full_kalman_em,pseudo,pre_second,DELTA_TS,2024:Q1:pre_second:pseudo,2024-05-31,2024:Q1,0.0007378696253286,0.1602999999999999,-0.1595621303746712,0,6.659250495911342,2.5805523625594855,-1.8688536352958416,0.606996889811708,0.5246519086368361,0.49988592853560065,0.4692255177776965,0.4689980590119878,False,False,False,-2.579814492934157,2.581290232184814,True,-4.243893043468832,4.245368782719488,True,model_implied_state_space
joint_indicator_revision_dfm_full_kalman_em,pseudo,pre_second,DELTA_TS,2024:Q2:pre_second:pseudo,2024-08-31,2024:Q2,-0.0001467182339474,0.0381,-0.0382467182339474,1,5.789925521491737,2.406226406947554,-1.7971245711633772,0.5625655483610938,0.5063408790118276,0.5000243252699007,0.46685473542674116,0.46690321820407293,False,False,False,-2.4063731251815015,2.4060796887136067,True,-3.9580369509680406,3.957743514500146,True,model_implied_state_space
joint_indicator_revision_dfm_full_kalman_em,pseudo,pre_second,DELTA_TS,2024:Q3:pre_second:pseudo,2024-11-30,2024:Q3,-3.7243503205885986e-05,0.2393999999999998,-0.2394372435032057,2,5.762815559851739,2.4005865033053357,-1.7996257649587293,0.5705245552787501,0.5397250822991719,0.5000061893241831,0.46679517447750163,0.46680751023991096,False,True,False,-2.4006237468085416,2.40054925980213,True,-3.9486506602757396,3.948576173269328,True,model_implied_state_space
joint_indicator_revision_dfm_full_kalman_em,pseudo,pre_second,DELTA_TS,2024:Q4:pre_second:pseudo,2025-02-28,2024:Q4,0.0004244214954467,0.1044,-0.1039755785045533,3,5.731458254676563,2.394046418655362,-1.792866651050737,0.5612778648036568,0.5173209748383406,0.4999292746886449,0.4667813398292533,0.46664038194017166,False,False,False,-2.393621997159915,2.3944708401508086,True,-3.937431513320008,3.9382803563109015,True,model_implied_state_space
joint_indicator_revision_dfm_full_kalman_em,pseudo,pre_third,DELTA_MT,2024:Q1:pre_third:pseudo,2024-06-30,2024:Q1,0.0611213026341035,0.2056592876951779,-0.1445379850610744,0,9.68272432464175,3.1117076219724997,-2.0551889720995584,0.7298683594756777,0.5185241005659321,0.49216433324332276,0.4822007068820018,0.46656170548530723,False,True,False,-3.050586319338396,3.1728289246066033,True,-5.057182265379903,5.17942487064811,True,model_implied_state_space
joint_indicator_revision_dfm_full_kalman_em,pseudo,pre_third,DELTA_MT,2024:Q2:pre_third:pseudo,2024-09-30,2024:Q2,-0.0101479796798948,-0.0437723642950023,0.0336243846151074,1,9.644714232519677,3.1055940224890435,-2.052202154259409,0.7259069589614772,0.4956807211426351,0.5013035995436257,0.47302513547493197,0.47562693370034265,True,False,False,-3.1157420021689384,3.0954460428091486,True,-5.11839557140981,5.098099612050021,True,model_implied_state_space
joint_indicator_revision_dfm_full_kalman_em,pseudo,pre_third,DELTA_MT,2024:Q3:pre_third:pseudo,2024-12-31,2024:Q3,0.0056994363183737,-0.0462312113229965,0.0519306476413703,2,9.607774935716131,3.0996410978879685,-2.050365207380435,0.7247176409734484,0.4933165288518352,0.49926644899560757,0.47500872741539335,0.47354467621583973,True,False,False,-3.0939416615695947,3.1053405342063423,True,-5.092756465790495,5.104155338427241,True,model_implied_state_space
joint_indicator_revision_dfm_full_kalman_em,pseudo,pre_third,DELTA_MT,2024:Q4:pre_third:pseudo,2025-03-31,2024:Q4,0.0399665479948283,-0.615441403939172,0.6554079519340004,3,10.489026514546476,3.238676661006232,-2.1145799598621435,0.8095960507375615,0.4198141072099349,0.49507701978516244,0.4802949953111185,0.47046778987386856,True,False,True,-3.1987101130114035,3.27864320900106,True,-5.287182504384356,5.367115600374012,True,model_implied_state_space
monthly_mixed_frequency_kalman_em,exact,pre_advance,DELTA_SA,2024:Q1:pre_advance:exact,2024-04-24,2024:Q1,0.0816198107931707,-0.3404999999999998,0.4221198107931705,0,7.620301858713173,2.7604894237640494,-1.9460379994877681,0.6708135321564608,0.4392327147109354,0.48820613132152363,0.4828970938811279,0.45937116498337804,True,False,True,-2.6788696129708787,2.84210923455722,True,-4.458981230046306,4.622220851632647,True,model_implied_state_space
monthly_mixed_frequency_kalman_em,exact,pre_advance,DELTA_SA,2024:Q2:pre_advance:exact,2024-07-24,2024:Q2,0.0151204151886372,0.1112999999999999,-0.0961795848113626,1,8.876488367569639,2.979343613544708,-2.011162613799991,0.6974961994388073,0.5128764736229705,0.49797534363137114,0.47525999521276807,0.47121979580831974,False,False,False,-2.9642231983560707,2.9944640287333453,True,-4.885463733485081,4.915704563862355,True,model_implied_state_space
monthly_mixed_frequency_kalman_em,exact,pre_advance,DELTA_SA,2024:Q3:pre_advance:exact,2024-10-29,2024:Q3,0.0380882117571412,0.0087999999999999,0.0292882117571413,2,7.555617854279941,2.7487484159667908,-1.930140985482584,0.642493194915936,0.4957493072723444,0.49447220715818585,0.4765143567923087,0.4654879950870271,False,False,False,-2.7106602042096495,2.786836627723932,True,-4.483200589822949,4.5593770133372304,True,model_implied_state_space
monthly_mixed_frequency_kalman_em,exact,pre_advance,DELTA_SA,2024:Q4:pre_advance:exact,2025-01-29,2024:Q4,0.0344978191295468,0.0939000000000001,-0.0594021808704532,3,8.794721578858297,2.965589583684549,-2.0062150037236273,0.6935180575672295,0.5079904707767294,0.49535932810068206,0.4777475746641925,0.4684873125580418,False,False,False,-2.9310917645550023,3.000087402814096,True,-4.843462963643491,4.912458601902584,True,model_implied_state_space
monthly_mixed_frequency_kalman_em,exact,pre_second,DELTA_TS,2024:Q1:pre_second:exact,2024-05-29,2024:Q1,0.1177048199973858,0.1602999999999999,-0.042595180002614,0,9.442845706270075,3.072921363502502,-2.041663296589499,0.7183618324407021,0.5055297458270408,0.4847226974859308,0.4893172981464966,0.4588273078813537,False,False,False,-2.955216543505116,3.1906261834998877,True,-4.936801030096367,5.17221067009114,True,model_implied_state_space
monthly_mixed_frequency_kalman_em,exact,pre_second,DELTA_TS,2024:Q2:pre_second:exact,2024-08-28,2024:Q2,-0.0559836625222023,0.0381,-0.0940836625222023,1,9.401931522801622,3.066256923808183,-2.0398668481323066,0.7177204267601582,0.5122390468439446,0.5072834761537024,0.46673331462277223,0.4812693161525853,False,False,False,-3.1222405863303853,3.0102732612859806,True,-5.099527484813155,4.987560159768751,True,model_implied_state_space
monthly_mixed_frequency_kalman_em,exact,pre_second,DELTA_TS,2024:Q3:pre_second:exact,2024-11-26,2024:Q3,-0.0471776754291308,0.2393999999999998,-0.2865776754291307,2,7.610523949976926,2.758717809051322,-1.9391001481783114,0.6565643003748192,0.5413680081947506,0.5068221011980645,0.4643030377124293,0.4779114345226442,False,True,False,-2.8058954844804527,2.711540133622191,True,-4.584864669382816,4.490509318524555,True,model_implied_state_space
monthly_mixed_frequency_kalman_em,exact,pre_second,DELTA_TS,2024:Q4:pre_second:exact,2025-02-26,2024:Q4,0.0380957964782155,0.1044,-0.0663042035217844,3,7.570314804384633,2.7514205066446373,-1.9313462203263123,0.6436305558684582,0.5096128491252688,0.4944764755874542,0.4765382368057036,0.46552033277923316,False,False,False,-2.7133247101664217,2.789516303122853,True,-4.487588203144874,4.563779796101304,True,model_implied_state_space
monthly_mixed_frequency_kalman_em,exact,pre_third,DELTA_MT,2024:Q1:pre_third:exact,2024-06-26,2024:Q1,0.0697505051187541,0.2056592876951779,-0.1359087825764238,0,13.15808630231635,3.627407655932312,-2.2081586772616237,0.8497381742326157,0.5149437510004369,0.49232931241079997,0.48567823865329207,0.47036016144333986,False,True,False,-3.557657150813558,3.6971581610510658,True,-5.896804134173047,6.036305144410555,True,model_implied_state_space
monthly_mixed_frequency_kalman_em,exact,pre_third,DELTA_MT,2024:Q2:pre_third:exact,2024-09-25,2024:Q2,-0.0567152950752389,-0.0437723642950023,-0.0129429307802366,1,13.106850379089677,3.62033843433037,-2.2055124353495454,0.8460733678112929,0.5014262399538321,0.5062494720115701,0.4717350114070733,0.48421489914829563,True,False,False,-3.677053729405609,3.563623139255131,True,-6.011642099575362,5.898211509424885,True,model_implied_state_space
monthly_mixed_frequency_kalman_em,exact,pre_third,DELTA_MT,2024:Q3:pre_third:exact,2024-12-18,2024:Q3,-0.0372785086768159,-0.0462312113229965,0.0089527026461806,2,15.3004255921134,3.9115758451183584,-2.2828814746865307,0.9141238027552508,0.4990869131438206,0.5038019838358508,0.47581475821129393,0.4834087931264137,True,False,False,-3.9488543537951744,3.8742973364415425,True,-6.471248224615517,6.396691207261886,True,model_implied_state_space
monthly_mixed_frequency_kalman_em,exact,pre_third,DELTA_MT,2024:Q4:pre_third:exact,2025-03-26,2024:Q4,0.0589443397568052,-0.615441403939172,0.6743857436959773,3,15.257634046903886,3.906102155205863,-2.2963824065054426,0.9591711509674595,0.431463554915547,0.49398006095677505,0.4855966801566739,0.4735725726382833,True,False,True,-3.8471578154490578,3.9650464949626683,True,-6.366021957476521,6.483910636990132,True,model_implied_state_space
monthly_mixed_frequency_kalman_em,pseudo,pre_advance,DELTA_SA,2024:Q1:pre_advance:pseudo,2024-04-30,2024:Q1,0.0811470175332842,-0.3404999999999998,0.421647017533284,0,7.620234904973941,2.760477296587302,-1.9460075335543474,0.6707533815190423,0.4392999842590894,0.4882743775934415,0.4828287540855515,0.4594389608171439,True,False,True,-2.679330279054018,2.8416243141205864,True,-4.459434075875535,4.621728110942103,True,model_implied_state_space
monthly_mixed_frequency_kalman_em,pseudo,pre_advance,DELTA_SA,2024:Q2:pre_advance:pseudo,2024-07-31,2024:Q2,0.0160782222486077,0.1112999999999999,-0.0952217777513921,1,8.87643447462413,2.979334569098296,-2.0111492547088416,0.6974695459052733,0.5127483254662871,0.49784708586227056,0.4753879281663045,0.4710917905822376,False,False,False,-2.9632563468496884,2.995412791346904,True,-4.884491049634627,4.916647494131841,True,model_implied_state_space
monthly_mixed_frequency_kalman_em,pseudo,pre_advance,DELTA_SA,2024:Q3:pre_advance:pseudo,2024-10-31,2024:Q3,0.0385193437219997,0.0087999999999999,0.0297193437219998,2,7.555558791621934,2.7487376723910804,-1.9301387609165865,0.6424943768918614,0.49568672126090974,0.49440961862658306,0.4765767299341549,0.46542552224238076,False,False,False,-2.7102183286690806,2.78725701611308,True,-4.482751786248617,4.559790473692615,True,model_implied_state_space
monthly_mixed_frequency_kalman_em,pseudo,pre_advance,DELTA_SA,2024:Q4:pre_advance:pseudo,2025-01-31,2024:Q4,0.0344494190834558,0.0939000000000001,-0.0594505809165442,3,8.794729315176916,2.965590888031745,-2.006215770415627,0.6935191359708954,0.5079969769093096,0.49536584065541645,0.4777410836217991,0.4684938170239789,False,False,False,-2.9311414689482893,3.000040307115201,True,-4.843513509149798,4.9124123473167085,True,model_implied_state_space
monthly_mixed_frequency_kalman_em,pseudo,pre_second,DELTA_TS,2024:Q1:pre_second:pseudo,2024-05-31,2024:Q1,0.115818042378875,0.1602999999999999,-0.0444819576211248,0,9.442896940539253,3.072929699901912,-2.041674708328911,0.7183851088423292,0.5057746566399656,0.4849675125486024,0.4890724665706838,0.45907107163849187,False,False,False,-2.9571116575230367,3.188747742280787,True,-4.938701519871684,5.170337604629434,True,model_implied_state_space
monthly_mixed_frequency_kalman_em,pseudo,pre_second,DELTA_TS,2024:Q2:pre_second:pseudo,2024-08-31,2024:Q2,-0.0556757065757809,0.0381,-0.0937757065757809,1,9.40192683162524,3.0662561588401642,-2.039863522262541,0.7177127224350108,0.5121990013778639,0.5072434172979183,0.466773234440245,0.48122928843382257,False,False,False,-3.121931865415945,3.0105804522643833,True,-5.099218270606315,4.987866857454753,True,model_implied_state_space
monthly_mixed_frequency_kalman_em,pseudo,pre_second,DELTA_TS,2024:Q3:pre_second:pseudo,2024-11-30,2024:Q3,-0.0483731686601855,0.2393999999999998,-0.2877731686601854,2,7.610484143810821,2.7587105944282775,-1.939142672151086,0.6566617614994583,0.5415400643222826,0.5069949756173926,0.46413075800843195,0.4780839963229824,False,True,False,-2.807083763088463,2.710337425768092,True,-4.586048295614989,4.489301958294619,True,model_implied_state_space
monthly_mixed_frequency_kalman_em,pseudo,pre_second,DELTA_TS,2024:Q4:pre_second:pseudo,2025-02-28,2024:Q4,0.0385247601012408,0.1044,-0.0658752398987592,3,7.570083495406326,2.7513784718584837,-1.9313272065802016,0.6436125217092369,0.5095508153599007,0.4944141986945074,0.47659997000788334,0.4654578416553982,False,False,False,-2.712853711757243,2.7899032319597246,True,-4.487090098451386,4.564139618653867,True,model_implied_state_space
monthly_mixed_frequency_kalman_em,pseudo,pre_third,DELTA_MT,2024:Q1:pre_third:pseudo,2024-06-30,2024:Q1,0.0691662517871221,0.2056592876951779,-0.1364930359080558,0,13.154915854689218,3.6269706167391567,-2.2080444057849085,0.8496537865633013,0.5150097694617145,0.4923926403684053,0.4856122913542502,0.47042068332647624,False,True,False,-3.557804364952035,3.6961368685262785,True,-5.896669522002698,6.035002025576942,True,model_implied_state_space
monthly_mixed_frequency_kalman_em,pseudo,pre_third,DELTA_MT,2024:Q2:pre_third:pseudo,2024-09-30,2024:Q2,-0.0536274003632128,-0.0437723642950023,-0.0098550360682105,1,13.108609615884369,3.620581391970683,-2.205576856165233,0.8461223876272645,0.5010858989985292,0.5059088452439549,0.47207630789581456,0.48387598302234075,True,False,False,-3.674208792333896,3.56695399160747,True,-6.0089538346192,5.9016990338927755,True,model_implied_state_space
monthly_mixed_frequency_kalman_em,pseudo,pre_third,DELTA_MT,2024:Q3:pre_third:pseudo,2024-12-31,2024:Q3,-0.0370497219767682,-0.0462312113229965,0.0091814893462283,2,15.300426590934965,3.9115759727934423,-2.282881642906622,0.9141242557347471,0.49906357924293937,0.5037786507715405,0.47583805014275926,0.48338547988433117,True,False,False,-3.9486256947702105,3.874526250816674,True,-6.471019647922295,6.396920203968759,True,model_implied_state_space
monthly_mixed_frequency_kalman_em,pseudo,pre_third,DELTA_MT,2024:Q4:pre_third:pseudo,2025-03-31,2024:Q4,0.0572582656163995,-0.615441403939172,0.6726996695555716,3,15.257574397738235,3.906094519816211,-2.296306078615452,0.9589386272973113,0.43163308539219597,0.49415223443718903,0.48542456130860545,0.4737443498297308,True,False,True,-3.8488362541998113,3.9633527854326105,True,-6.367695472518564,6.482212003751362,True,model_implied_state_space
revision_dfm_kalman_em,exact,pre_advance,DELTA_SA,2024:Q1:pre_advance:exact,2024-04-24,2024:Q1,0.1300606613857255,-0.3404999999999998,0.4705606613857254,0,8.522730982202944,2.9193716759266786,-2.0032973449138334,0.7124359695082403,0.4359736130412585,0.482232636425217,0.4904434605840724,0.45499196876711734,True,False,True,-2.789311014540953,3.049432337312404,True,-4.67187842818167,4.93199975095312,True,model_implied_state_space
revision_dfm_kalman_em,exact,pre_advance,DELTA_SA,2024:Q2:pre_advance:exact,2024-07-24,2024:Q2,-0.137147685108085,0.1112999999999999,-0.248447685108085,1,9.232232969732433,3.038458979438826,-2.033631980667942,0.7181725965009719,0.5325842638138555,0.5180010451027752,0.45582399697411313,0.4917482322727621,False,False,False,-3.175606664546911,2.901311294330741,True,-5.134967957781306,4.860672587565137,True,model_implied_state_space
revision_dfm_kalman_em,exact,pre_advance,DELTA_SA,2024:Q3:pre_advance:exact,2024-10-29,2024:Q3,0.0943436030672049,0.0087999999999999,0.0855436030672049,2,9.1895584737401,3.0314284543330556,-2.028370632114774,0.709392565359564,0.488743778096289,0.48758618986878166,0.48609821338611814,0.4613245513751561,False,False,False,-2.9370848512658507,3.1257720574002605,True,-4.891912484886417,5.0805996910208275,True,model_implied_state_space
revision_dfm_kalman_em,exact,pre_advance,DELTA_SA,2024:Q4:pre_advance:exact,2025-01-29,2024:Q4,0.0747572882549341,0.0939000000000001,-0.0191427117450659,3,8.413838486731017,2.9006617325587993,-1.98389920404104,0.677920476197799,0.5026327722248474,0.48971940042469725,0.4827801042261086,0.4622677109564064,False,False,False,-2.8259044443038652,2.9754190208137334,True,-4.696406683103747,4.8459212596136165,True,model_implied_state_space
revision_dfm_kalman_em,exact,pre_second,DELTA_TS,2024:Q1:pre_second:exact,2024-05-29,2024:Q1,0.0007300323689451,0.1602999999999999,-0.1595699676310547,0,6.685631321671236,2.585658779048627,-1.8708231315265715,0.6081828535216017,0.5246044923354249,0.4998873630285155,0.46928496832331423,0.4690603672781151,False,False,False,-2.5849287466796818,2.586388811417572,True,-4.252300188408104,4.253760253145994,True,model_implied_state_space
revision_dfm_kalman_em,exact,pre_second,DELTA_TS,2024:Q2:pre_second:exact,2024-08-28,2024:Q2,-0.0001126569086684,0.0381,-0.0382126569086684,1,5.824491959914992,2.413398425439735,-1.8000997730398314,0.5642404618898859,0.5063164073430584,0.5000186225380596,0.46695862006436495,0.46699573746856415,False,False,False,-2.4135110823484034,2.4132857685310665,True,-3.9697998102721885,3.9695744964548516,True,model_implied_state_space
revision_dfm_kalman_em,exact,pre_second,DELTA_TS,2024:Q3:pre_second:exact,2024-11-26,2024:Q3,-1.4178718446444805e-05,0.2393999999999998,-0.2394141787184462,2,6.628191996622329,2.5745275288142344,-1.868928456739724,0.6105297874864383,0.5370456147668831,0.5000021970983828,0.4690374580872425,0.4690418390448809,False,True,False,-2.574541707532681,2.574513350095788,True,-4.234735122174951,4.234706764738058,True,model_implied_state_space
revision_dfm_kalman_em,exact,pre_second,DELTA_TS,2024:Q4:pre_second:exact,2025-02-26,2024:Q4,0.0003484518585912,0.1044,-0.1040515481414088,3,6.595138921076891,2.5681002552620273,-1.8629257694453762,0.6018337813857398,0.5161594965634646,0.49994586964493887,0.4690162860868614,0.46890835318400526,False,False,False,-2.567751803403436,2.5684487071206186,True,-4.223800567384156,4.224497471101339,True,model_implied_state_space
revision_dfm_kalman_em,exact,pre_third,DELTA_MT,2024:Q1:pre_third:exact,2024-06-26,2024:Q1,0.0625365856859008,0.2056592876951779,-0.1431227020092771,0,9.71554456340142,3.116976830745044,-2.05685629324113,0.7310431327161698,0.5183118587569067,0.4919964710057329,0.48241174081097826,0.46643759595501944,False,True,False,-3.0544402450591432,3.179513416430945,True,-5.06443405948879,5.189507230860591,True,model_implied_state_space
revision_dfm_kalman_em,exact,pre_third,DELTA_MT,2024:Q2:pre_third:exact,2024-09-25,2024:Q2,-0.0090381346166599,-0.0437723642950023,0.0347342296783423,1,9.677990901197948,3.1109469460596637,-2.0539280277456444,0.7271673893304285,0.495545836962757,0.5011590326111988,0.4732134816911394,0.4755267614881443,True,False,False,-3.1199850806763236,3.101908811443004,True,-5.1260905020965035,5.108014232863185,True,model_implied_state_space
revision_dfm_kalman_em,exact,pre_third,DELTA_MT,2024:Q3:pre_third:exact,2024-12-18,2024:Q3,0.003739675342913,-0.0462312113229965,0.0499708866659096,2,10.524694661884215,3.2441785804551846,-2.0959193474266056,0.75845530493884,0.49385523617223587,0.4995401257230898,0.475880239740895,0.4749622373181203,True,False,False,-3.2404389051122715,3.2479182557980977,True,-5.3324592291970765,5.339938579882902,True,model_implied_state_space
revision_dfm_kalman_em,exact,pre_third,DELTA_MT,2024:Q4:pre_third:exact,2025-03-26,2024:Q4,0.0450997280117038,-0.615441403939172,0.6605411319508758,3,9.605938158595205,3.0993447950486575,-2.072839936122813,0.7802513509335091,0.4156155792033241,0.49419504618023596,0.4800698033723597,0.4684840412393803,True,False,True,-3.0542450670369536,3.1444445230603613,True,-5.052868799297247,5.143068255320655,True,model_implied_state_space
revision_dfm_kalman_em,pseudo,pre_advance,DELTA_SA,2024:Q1:pre_advance:pseudo,2024-04-30,2024:Q1,0.1286138906261502,-0.3404999999999998,0.46911389062615,0,8.522717947477085,2.9193694434718407,-2.0032168430283335,0.7122504899863866,0.4361687270110884,0.4824301353155951,0.4902458047853261,0.45518838684898966,True,False,True,-2.7907555528456904,3.047983334097991,True,-4.673321526879808,4.930549308132108,True,model_implied_state_space
revision_dfm_kalman_em,pseudo,pre_advance,DELTA_SA,2024:Q2:pre_advance:pseudo,2024-07-31,2024:Q2,-0.1190864277266041,0.1112999999999999,-0.2303864277266041,1,9.23204493318003,3.0384280365313954,-2.0331534776031663,0.7170311049180673,0.5302205255218679,0.515631915608024,0.45818118174844236,0.4893773919315891,False,False,False,-3.1575144642579995,2.919341608804791,True,-5.11685580384631,4.878682948393102,True,model_implied_state_space
revision_dfm_kalman_em,pseudo,pre_advance,DELTA_SA,2024:Q3:pre_advance:pseudo,2024-10-31,2024:Q3,0.0938590394019285,0.0087999999999999,0.0850590394019286,2,9.18955888353185,3.0314285219235915,-2.0283661564714195,0.7093817033097908,0.488807522688963,0.48764992901191906,0.4860344830116472,0.46138802241143034,False,False,False,-2.937569482521663,3.12528756132552,True,-4.892397159728231,5.080115238532088,True,model_implied_state_space
revision_dfm_kalman_em,pseudo,pre_advance,DELTA_SA,2024:Q4:pre_advance:pseudo,2025-01-31,2024:Q4,0.0732900826206792,0.0939000000000001,-0.0206099173793208,3,8.413832882320598,2.9006607665014186,-1.9839023370434241,0.677928272154573,0.502834560439324,0.4899211233788402,0.4825784966382205,0.462468592065028,False,False,False,-2.8273706838807393,2.973950849122098,True,-4.697872299715017,4.844452464956375,True,model_implied_state_space
revision_dfm_kalman_em,pseudo,pre_second,DELTA_TS,2024:Q1:pre_second:pseudo,2024-05-31,2024:Q1,0.0007271130046455,0.1602999999999999,-0.1595728869953543,0,6.685564664816868,2.585645889292822,-1.8708182350843854,0.6081800044774522,0.5246050644112656,0.4998878128990668,0.4692843664117057,0.4690606624267369,False,False,False,-2.5849187762881765,2.5863730022974676,True,-4.252281906010818,4.253736132020109,True,model_implied_state_space
revision_dfm_kalman_em,pseudo,pre_second,DELTA_TS,2024:Q2:pre_second:pseudo,2024-08-31,2024:Q2,-0.0001125305170543,0.0381,-0.0382125305170544,1,5.82449234993535,2.413398506242877,-1.8000998056832849,0.5642404791684139,0.5063163862412878,0.5000186016445092,0.46695864198932036,0.46699571774966864,False,False,False,-2.4135110367599313,2.4132859757258225,True,-3.969799816789916,3.969574755755807,True,model_implied_state_space
revision_dfm_kalman_em,pseudo,pre_second,DELTA_TS,2024:Q3:pre_second:pseudo,2024-11-30,2024:Q3,-1.6902315556510672e-05,0.2393999999999998,-0.2394169023155563,2,6.6281253525146635,2.574514585803441,-1.868923571247777,0.6105270091234029,0.5370462206951456,0.5000026191532763,0.46903688196825355,0.4690421044923304,False,True,False,-2.5745314881189976,2.5744976834878845,True,-4.234716556413813,4.234682751782701,True,model_implied_state_space
revision_dfm_kalman_em,pseudo,pre_second,DELTA_TS,2024:Q4:pre_second:pseudo,2025-02-28,2024:Q4,0.0003474289890674,0.1044,-0.1040525710109325,3,6.595136225035003,2.568099730352192,-1.8629255815226398,0.6018336921188591,0.5161596586322201,0.49994602853186926,0.46901612134812454,0.4689085052570615,False,False,False,-2.5677523013631247,2.5684471593412597,True,-4.223800726853834,4.224495584831968,True,model_implied_state_space
revision_dfm_kalman_em,pseudo,pre_third,DELTA_MT,2024:Q1:pre_third:pseudo,2024-06-30,2024:Q1,0.0625447256196525,0.2056592876951779,-0.1431145620755254,0,9.716735197851497,3.1171678167611536,-2.0569173151332896,0.7310873065525244,0.5183096969243788,0.4919959197511129,0.48241385848407625,0.4664386093560888,False,True,False,-3.0546230911415013,3.179712542380806,True,-5.064740063596333,5.189829514835638,True,model_implied_state_space
revision_dfm_kalman_em,pseudo,pre_third,DELTA_MT,2024:Q2:pre_third:pseudo,2024-09-30,2024:Q2,-0.0088878161999184,-0.0437723642950023,0.0348845480950839,1,9.678173059823816,3.110976222960217,-2.05393797810587,0.7271755717093674,0.4955266037011898,0.5011397453998686,0.47323296634339174,0.4755077514390092,True,False,False,-3.1198640391601353,3.1020884067602985,True,-5.125988339895822,5.108212707495986,True,model_implied_state_space
revision_dfm_kalman_em,pseudo,pre_third,DELTA_MT,2024:Q3:pre_third:pseudo,2024-12-31,2024:Q3,0.0037552249316274,-0.0462312113229965,0.049986436254624,2,10.524691793971115,3.2441781384460247,-2.0959192850524744,0.7584553928122105,0.49385332340177457,0.4995382135014897,0.4758821451233073,0.47496032551846057,True,False,False,-3.240422913514397,3.247933363377652,True,-5.332442952567992,5.339953402431246,True,model_implied_state_space
revision_dfm_kalman_em,pseudo,pre_third,DELTA_MT,2024:Q4:pre_third:pseudo,2025-03-31,2024:Q4,0.0451045487206362,-0.615441403939172,0.6605459526598083,3,9.605937506972577,3.0993446899260135,-2.0728402352373596,0.7802521418386951,0.41561496980452284,0.49419442553575293,0.4800704224357766,0.4684834215966529,True,False,True,-3.0542401412053772,3.14444923864665,True,-5.052863805676953,5.143072903118226,True,model_implied_state_space
