timing_mode,checkpoint_id,outcome_id,baseline_model,model_id,n_obs,bootstrap_reps,block_length,rmse_diff_baseline_minus_model,rmse_diff_ci_low_95,rmse_diff_ci_high_95,mae_diff_baseline_minus_model,mae_diff_ci_low_95,mae_diff_ci_high_95,positive_diff_interpretation
exact,pre_advance,DELTA_SA,ar,bridge,79,1000,4,-0.04015333821262346,-0.12709139217567986,0.036977336184777276,-0.029864524649330815,-0.06644499430403422,0.0038043234495239325,baseline_has_higher_error_than_model
exact,pre_advance,DELTA_SA,ar,indicator_revision_only_dfm_kalman_em,79,1000,4,0.10847939712025434,0.006742221459775483,0.24198274231709485,0.06854692808634405,-0.00824511829493913,0.16216159020815799,baseline_has_higher_error_than_model
exact,pre_advance,DELTA_SA,ar,joint_indicator_revision_dfm_full_kalman_em,79,1000,4,0.04212732360474414,-0.06597976018131092,0.1330080464132172,-0.0006732605474303877,-0.06432289581466957,0.0728234070304319,baseline_has_higher_error_than_model
exact,pre_advance,DELTA_SA,ar,midas_umidas,79,1000,4,-98.76644730554536,-171.1015183926487,-5.253131940823285,-17.59739804981455,-43.95428187964629,-3.4100258033892183,baseline_has_higher_error_than_model
exact,pre_advance,DELTA_SA,ar,monthly_mixed_frequency_kalman_em,79,1000,4,0.037655800314865706,-0.07036808248811795,0.1285334878468498,0.05238748573879093,-0.013305110647501941,0.12126132696937089,baseline_has_higher_error_than_model
exact,pre_advance,DELTA_SA,ar,no_revision,79,1000,4,0.10847939712025434,0.007661440095942266,0.22392648391269482,0.06854692808634405,-0.011351978365359163,0.15722900142149457,baseline_has_higher_error_than_model
exact,pre_advance,DELTA_SA,ar,release_dfm,79,1000,4,0.03649543105249897,-0.06262728314006598,0.13552721279202215,0.040720576490909155,-0.01313369532278612,0.11427719560758652,baseline_has_higher_error_than_model
exact,pre_advance,DELTA_SA,ar,revision_dfm_kalman_em,79,1000,4,0.04892376207936333,-0.047344195492622,0.13915333983950384,0.031008759780337458,-0.021977415798177344,0.09475356879597939,baseline_has_higher_error_than_model
exact,pre_advance,DELTA_SA,ar,spf,79,1000,4,0.10847939712025434,0.008605628764519861,0.2412672158349489,0.06854692808634405,-0.008299995978859524,0.164237080553788,baseline_has_higher_error_than_model
exact,pre_advance,DELTA_SA,ar,standard_dfm,79,1000,4,0.03649543105249897,-0.06987996560116583,0.12803846129577284,0.040720576490909155,-0.016207149815045622,0.10621739426255719,baseline_has_higher_error_than_model
exact,pre_advance,DELTA_SA,no_revision,ar,79,1000,4,-0.10847939712025434,-0.2507096665578636,-0.007204611655115166,-0.06854692808634405,-0.16353613584959004,0.009965523888285859,baseline_has_higher_error_than_model
exact,pre_advance,DELTA_SA,no_revision,bridge,79,1000,4,-0.1486327353328778,-0.3155371388879255,-0.015012892373076264,-0.09841145273567486,-0.21265721942584564,-0.013252616265228678,baseline_has_higher_error_than_model
exact,pre_advance,DELTA_SA,no_revision,indicator_revision_only_dfm_kalman_em,79,1000,4,0.0,0.0,0.0,0.0,0.0,0.0,baseline_has_higher_error_than_model
exact,pre_advance,DELTA_SA,no_revision,joint_indicator_revision_dfm_full_kalman_em,79,1000,4,-0.0663520735155102,-0.2085174394485046,0.053731257310798405,-0.06922018863377444,-0.17390924508516228,0.03082405796930672,baseline_has_higher_error_than_model
exact,pre_advance,DELTA_SA,no_revision,midas_umidas,79,1000,4,-98.8749267026656,-171.33216576089316,-5.492500328690065,-17.665944977900896,-44.49970410473781,-3.516076215671374,baseline_has_higher_error_than_model
exact,pre_advance,DELTA_SA,no_revision,monthly_mixed_frequency_kalman_em,79,1000,4,-0.07082359680538863,-0.22928326033113378,0.03805473197848923,-0.01615944234755312,-0.10525618756271912,0.05254997331993028,baseline_has_higher_error_than_model
exact,pre_advance,DELTA_SA,no_revision,release_dfm,79,1000,4,-0.07198396606775537,-0.19193122671712343,0.02504512125455144,-0.027826351595434895,-0.08127076739048131,0.01908428698287471,baseline_has_higher_error_than_model
exact,pre_advance,DELTA_SA,no_revision,revision_dfm_kalman_em,79,1000,4,-0.05955563504089101,-0.17643748856114821,0.03229138709402865,-0.03753816830600659,-0.11050503749253542,0.026910974519548478,baseline_has_higher_error_than_model
exact,pre_advance,DELTA_SA,no_revision,spf,79,1000,4,0.0,0.0,0.0,0.0,0.0,0.0,baseline_has_higher_error_than_model
exact,pre_advance,DELTA_SA,no_revision,standard_dfm,79,1000,4,-0.07198396606775537,-0.2019929488368377,0.020407804661869977,-0.027826351595434895,-0.0910748500344705,0.018996949475485914,baseline_has_higher_error_than_model
exact,pre_advance,DELTA_SA,bridge,ar,79,1000,4,0.04015333821262346,-0.03184795480673492,0.12423496541357354,0.029864524649330815,-0.004212736504135981,0.06907974491488787,baseline_has_higher_error_than_model
exact,pre_advance,DELTA_SA,bridge,indicator_revision_only_dfm_kalman_em,79,1000,4,0.1486327353328778,0.012522262684874589,0.31881442341775773,0.09841145273567486,0.012200635961985833,0.22122769381418075,baseline_has_higher_error_than_model
exact,pre_advance,DELTA_SA,bridge,joint_indicator_revision_dfm_full_kalman_em,79,1000,4,0.0822806618173676,-0.0351293831396453,0.19172843419085328,0.029191264101900427,-0.045266670731390166,0.10945456261208061,baseline_has_higher_error_than_model
exact,pre_advance,DELTA_SA,bridge,midas_umidas,79,1000,4,-98.72629396733272,-171.09398892068273,-5.277618850492536,-17.56753352516522,-43.880825265852486,-3.3608381992491942,baseline_has_higher_error_than_model
exact,pre_advance,DELTA_SA,bridge,monthly_mixed_frequency_kalman_em,79,1000,4,0.07780913852748916,-0.03014344793408092,0.20448341593925382,0.08225201038812174,0.019227220372061052,0.15762374465025697,baseline_has_higher_error_than_model
exact,pre_advance,DELTA_SA,bridge,no_revision,79,1000,4,0.1486327353328778,0.00535187995676998,0.3117966428042582,0.09841145273567486,0.007930407804417764,0.21192173316469606,baseline_has_higher_error_than_model
exact,pre_advance,DELTA_SA,bridge,release_dfm,79,1000,4,0.07664876926512243,-0.008648230465846623,0.16659164385503608,0.07058510114023997,0.017932462228031833,0.139458652385204,baseline_has_higher_error_than_model
exact,pre_advance,DELTA_SA,bridge,revision_dfm_kalman_em,79,1000,4,0.08907710029198679,-0.009752632884014036,0.1911503618654767,0.06087328442966827,0.0035056012567636187,0.13653764607641536,baseline_has_higher_error_than_model
exact,pre_advance,DELTA_SA,bridge,spf,79,1000,4,0.1486327353328778,0.008383686735858263,0.31597550820092946,0.09841145273567486,0.009771577448219588,0.21135842339617178,baseline_has_higher_error_than_model
exact,pre_advance,DELTA_SA,bridge,standard_dfm,79,1000,4,0.07664876926512243,-0.013872432360038444,0.15868071537198628,0.07058510114023997,0.01556611534160436,0.1349672218544528,baseline_has_higher_error_than_model
exact,pre_advance,DELTA_SA,midas_umidas,ar,79,1000,4,98.76644730554536,5.386429857023284,171.20965463766976,17.59739804981455,3.4666167180670118,44.658525523905226,baseline_has_higher_error_than_model
exact,pre_advance,DELTA_SA,midas_umidas,bridge,79,1000,4,98.72629396733272,5.5737421601304415,171.55869474466235,17.56753352516522,3.5126518545231065,45.329594091424696,baseline_has_higher_error_than_model
exact,pre_advance,DELTA_SA,midas_umidas,indicator_revision_only_dfm_kalman_em,79,1000,4,98.8749267026656,5.595291581790208,171.41633233908195,17.665944977900896,3.549665606495052,44.4568709298694,baseline_has_higher_error_than_model
exact,pre_advance,DELTA_SA,midas_umidas,joint_indicator_revision_dfm_full_kalman_em,79,1000,4,98.8085746291501,5.381683419132682,171.21443250453686,17.59672478926712,3.3819858512518537,44.1775886242901,baseline_has_higher_error_than_model
exact,pre_advance,DELTA_SA,midas_umidas,monthly_mixed_frequency_kalman_em,79,1000,4,98.80410310586022,5.554327224745026,171.14269705829201,17.64978553555334,3.6269777166824055,44.04833623030486,baseline_has_higher_error_than_model
exact,pre_advance,DELTA_SA,midas_umidas,no_revision,79,1000,4,98.8749267026656,5.611953148553169,171.37150323041874,17.665944977900896,3.6298215145836368,44.15232726336192,baseline_has_higher_error_than_model
exact,pre_advance,DELTA_SA,midas_umidas,release_dfm,79,1000,4,98.80294273659786,5.542731747357243,171.15495681587518,17.638118626305463,3.5912029884086585,43.781575570224355,baseline_has_higher_error_than_model
exact,pre_advance,DELTA_SA,midas_umidas,revision_dfm_kalman_em,79,1000,4,98.81537106762471,5.514315616866704,171.18827692304995,17.62840680959489,3.5066911529548226,43.947410569203136,baseline_has_higher_error_than_model
exact,pre_advance,DELTA_SA,midas_umidas,spf,79,1000,4,98.8749267026656,5.3781849097804395,171.4728575450237,17.665944977900896,3.4775661287384363,44.771772687244116,baseline_has_higher_error_than_model
exact,pre_advance,DELTA_SA,midas_umidas,standard_dfm,79,1000,4,98.80294273659786,5.55076271815525,171.21250667933694,17.638118626305463,3.5900038040912183,44.37650278179241,baseline_has_higher_error_than_model
exact,pre_advance,DELTA_SA,spf,ar,79,1000,4,-0.10847939712025434,-0.24071498180613712,-0.007306650777255759,-0.06854692808634405,-0.16513911013747976,0.010091524423808637,baseline_has_higher_error_than_model
exact,pre_advance,DELTA_SA,spf,bridge,79,1000,4,-0.1486327353328778,-0.31611562633088763,-0.013893231914482202,-0.09841145273567486,-0.20764163657869444,-0.011924637422473232,baseline_has_higher_error_than_model
exact,pre_advance,DELTA_SA,spf,indicator_revision_only_dfm_kalman_em,79,1000,4,0.0,0.0,0.0,0.0,0.0,0.0,baseline_has_higher_error_than_model
exact,pre_advance,DELTA_SA,spf,joint_indicator_revision_dfm_full_kalman_em,79,1000,4,-0.0663520735155102,-0.19263492697383025,0.04570075639421215,-0.06922018863377444,-0.17604411930755381,0.01932399768161624,baseline_has_higher_error_than_model
exact,pre_advance,DELTA_SA,spf,midas_umidas,79,1000,4,-98.8749267026656,-171.19010949394973,-5.646156813932696,-17.665944977900896,-43.65433837018171,-3.675691160564886,baseline_has_higher_error_than_model
exact,pre_advance,DELTA_SA,spf,monthly_mixed_frequency_kalman_em,79,1000,4,-0.07082359680538863,-0.23874298144424458,0.03558506834473718,-0.01615944234755312,-0.11156494270271407,0.05135754363425793,baseline_has_higher_error_than_model
exact,pre_advance,DELTA_SA,spf,no_revision,79,1000,4,0.0,0.0,0.0,0.0,0.0,0.0,baseline_has_higher_error_than_model
exact,pre_advance,DELTA_SA,spf,release_dfm,79,1000,4,-0.07198396606775537,-0.2031061251510769,0.021424874064501782,-0.027826351595434895,-0.08731191540942039,0.01981865979398581,baseline_has_higher_error_than_model
exact,pre_advance,DELTA_SA,spf,revision_dfm_kalman_em,79,1000,4,-0.05955563504089101,-0.1781648484488087,0.03638082210269578,-0.03753816830600659,-0.12137804039599623,0.02664616058411568,baseline_has_higher_error_than_model
exact,pre_advance,DELTA_SA,spf,standard_dfm,79,1000,4,-0.07198396606775537,-0.1970159278599676,0.023370856398648148,-0.027826351595434895,-0.08430665458578984,0.022518111216904026,baseline_has_higher_error_than_model
exact,pre_advance,DELTA_SA,standard_dfm,ar,79,1000,4,-0.03649543105249897,-0.13588474603100942,0.07134038174873898,-0.040720576490909155,-0.10091590173453673,0.008220619082230669,baseline_has_higher_error_than_model
exact,pre_advance,DELTA_SA,standard_dfm,bridge,79,1000,4,-0.07664876926512243,-0.1635007865193967,0.009464417908972,-0.07058510114023997,-0.13948065142978106,-0.01575780219744755,baseline_has_higher_error_than_model
exact,pre_advance,DELTA_SA,standard_dfm,indicator_revision_only_dfm_kalman_em,79,1000,4,0.07198396606775537,-0.020512128473637255,0.1983314793237624,0.027826351595434895,-0.0168818810719549,0.08793573670166091,baseline_has_higher_error_than_model
exact,pre_advance,DELTA_SA,standard_dfm,joint_indicator_revision_dfm_full_kalman_em,79,1000,4,0.005631892552245166,-0.09105664548449649,0.08964548854534606,-0.04139383703833954,-0.11569045986593145,0.03061627703229776,baseline_has_higher_error_than_model
exact,pre_advance,DELTA_SA,standard_dfm,midas_umidas,79,1000,4,-98.80294273659786,-171.55715893719267,-5.40831845271781,-17.638118626305463,-44.41154609979552,-3.4906268991702336,baseline_has_higher_error_than_model
exact,pre_advance,DELTA_SA,standard_dfm,monthly_mixed_frequency_kalman_em,79,1000,4,0.0011603692623667339,-0.050133821291548884,0.05768620882390399,0.011666909247881774,-0.04782126484226232,0.06213152021147503,baseline_has_higher_error_than_model
exact,pre_advance,DELTA_SA,standard_dfm,no_revision,79,1000,4,0.07198396606775537,-0.021600946681545278,0.2031318085572115,0.027826351595434895,-0.019375116054018166,0.08375155319107948,baseline_has_higher_error_than_model
exact,pre_advance,DELTA_SA,standard_dfm,release_dfm,79,1000,4,0.0,0.0,0.0,0.0,0.0,0.0,baseline_has_higher_error_than_model
exact,pre_advance,DELTA_SA,standard_dfm,revision_dfm_kalman_em,79,1000,4,0.012428331026864359,-0.04610978020661357,0.06682606525308481,-0.009711816710571697,-0.05882568027272903,0.0423687187470649,baseline_has_higher_error_than_model
exact,pre_advance,DELTA_SA,standard_dfm,spf,79,1000,4,0.07198396606775537,-0.0204199424361926,0.1930335959465765,0.027826351595434895,-0.01841422674903696,0.08243152999596519,baseline_has_higher_error_than_model
exact,pre_advance,DELTA_SA,release_dfm,ar,79,1000,4,-0.03649543105249897,-0.14583977342818244,0.05821172413960789,-0.040720576490909155,-0.11308907465438438,0.011964214377006092,baseline_has_higher_error_than_model
exact,pre_advance,DELTA_SA,release_dfm,bridge,79,1000,4,-0.07664876926512243,-0.16248919518209373,0.006241191423313545,-0.07058510114023997,-0.13787958294483454,-0.015325766915020404,baseline_has_higher_error_than_model
exact,pre_advance,DELTA_SA,release_dfm,indicator_revision_only_dfm_kalman_em,79,1000,4,0.07198396606775537,-0.024842867880883784,0.19409409837714453,0.027826351595434895,-0.021259638735581673,0.08516851471444732,baseline_has_higher_error_than_model
exact,pre_advance,DELTA_SA,release_dfm,joint_indicator_revision_dfm_full_kalman_em,79,1000,4,0.005631892552245166,-0.0999150640005492,0.09025753059482663,-0.04139383703833954,-0.13197603284679096,0.028764311773546897,baseline_has_higher_error_than_model
exact,pre_advance,DELTA_SA,release_dfm,midas_umidas,79,1000,4,-98.80294273659786,-171.14681155868067,-5.572093110873033,-17.638118626305463,-43.65395161200907,-3.512710298953786,baseline_has_higher_error_than_model
exact,pre_advance,DELTA_SA,release_dfm,monthly_mixed_frequency_kalman_em,79,1000,4,0.0011603692623667339,-0.05006914568085865,0.05930606985717271,0.011666909247881774,-0.04342078244988545,0.06533795229199581,baseline_has_higher_error_than_model
exact,pre_advance,DELTA_SA,release_dfm,no_revision,79,1000,4,0.07198396606775537,-0.024426880199475937,0.19196835030451193,0.027826351595434895,-0.0204885646040588,0.08550709842736867,baseline_has_higher_error_than_model
exact,pre_advance,DELTA_SA,release_dfm,revision_dfm_kalman_em,79,1000,4,0.012428331026864359,-0.04746720876160686,0.06635358888438993,-0.009711816710571697,-0.06276742480567121,0.03731466011750344,baseline_has_higher_error_than_model
exact,pre_advance,DELTA_SA,release_dfm,spf,79,1000,4,0.07198396606775537,-0.019393254065679523,0.19658345836269853,0.027826351595434895,-0.01819510540114963,0.08226781373310302,baseline_has_higher_error_than_model
exact,pre_advance,DELTA_SA,release_dfm,standard_dfm,79,1000,4,0.0,0.0,0.0,0.0,0.0,0.0,baseline_has_higher_error_than_model
exact,pre_second,DELTA_TS,ar,bridge,79,1000,4,-0.08376298643302815,-0.1674105378014988,-0.02894174982373976,-0.09912474959466061,-0.16121869715387793,-0.04444304900164294,baseline_has_higher_error_than_model
exact,pre_second,DELTA_TS,ar,indicator_revision_only_dfm_kalman_em,79,1000,4,0.04653382669626521,0.005971276159516807,0.08177351738442495,0.02198490961778618,-0.011935804178683361,0.05845949606885849,baseline_has_higher_error_than_model
exact,pre_second,DELTA_TS,ar,joint_indicator_revision_dfm_full_kalman_em,79,1000,4,0.04600763032860056,0.0032030891101568616,0.08219285912380647,0.02113390412065866,-0.012851915813107411,0.059436099330668096,baseline_has_higher_error_than_model
exact,pre_second,DELTA_TS,ar,midas_umidas,79,1000,4,-6.135394143386288,-10.913585252600129,-0.6143602803200674,-1.86774225667682,-4.051611808229436,-0.5150469755041983,baseline_has_higher_error_than_model
exact,pre_second,DELTA_TS,ar,monthly_mixed_frequency_kalman_em,79,1000,4,0.030092802146303055,-0.048655559185239006,0.08958309212940652,-0.0004806398093403774,-0.04677936461709636,0.046908340275108755,baseline_has_higher_error_than_model
exact,pre_second,DELTA_TS,ar,no_revision,79,1000,4,0.04653382669626521,0.004193439063276396,0.08189118963228804,0.02198490961778618,-0.01401226344278294,0.05924618212752309,baseline_has_higher_error_than_model
exact,pre_second,DELTA_TS,ar,release_dfm,79,1000,4,0.04412423708505431,0.006972989506256107,0.07985161002174945,0.017626728239774764,-0.016306416462332576,0.05774440138926248,baseline_has_higher_error_than_model
exact,pre_second,DELTA_TS,ar,revision_dfm_kalman_em,79,1000,4,0.046206855799615365,0.0029943313143995925,0.08074624456614296,0.02141330628292873,-0.013037664583196584,0.060044296604332546,baseline_has_higher_error_than_model
exact,pre_second,DELTA_TS,ar,spf,79,1000,4,0.04653382669626521,0.00605907977080427,0.08274644199323938,0.02198490961778618,-0.015621533046831768,0.05710306027439694,baseline_has_higher_error_than_model
exact,pre_second,DELTA_TS,ar,standard_dfm,79,1000,4,0.04077885268702813,0.0011038682209259258,0.07853886549434502,0.013467455556810504,-0.023524161088611932,0.05639985212347536,baseline_has_higher_error_than_model
exact,pre_second,DELTA_TS,no_revision,ar,79,1000,4,-0.04653382669626521,-0.07917687586947332,-0.005870595238979651,-0.02198490961778618,-0.05799282925944029,0.012149185309084171,baseline_has_higher_error_than_model
exact,pre_second,DELTA_TS,no_revision,bridge,79,1000,4,-0.13029681312929337,-0.20137136009914844,-0.07723273931640148,-0.12110965921244679,-0.18800877942525585,-0.059239092864895405,baseline_has_higher_error_than_model
exact,pre_second,DELTA_TS,no_revision,indicator_revision_only_dfm_kalman_em,79,1000,4,0.0,0.0,0.0,0.0,0.0,0.0,baseline_has_higher_error_than_model
exact,pre_second,DELTA_TS,no_revision,joint_indicator_revision_dfm_full_kalman_em,79,1000,4,-0.0005261963676646553,-0.0031084239932521393,0.0012023036056563142,-0.0008510054971275216,-0.002949792194062697,0.0009916070172029722,baseline_has_higher_error_than_model
exact,pre_second,DELTA_TS,no_revision,midas_umidas,79,1000,4,-6.181927970082554,-10.990569429300525,-0.660026901233279,-1.8897271662946062,-4.097452790578616,-0.5245084482810218,baseline_has_higher_error_than_model
exact,pre_second,DELTA_TS,no_revision,monthly_mixed_frequency_kalman_em,79,1000,4,-0.016441024549962158,-0.07556275615712747,0.02013659590018744,-0.022465549427126558,-0.05842661680369325,0.00819333182174063,baseline_has_higher_error_than_model
exact,pre_second,DELTA_TS,no_revision,release_dfm,79,1000,4,-0.002409589611210905,-0.013528032647813437,0.00782093036829631,-0.0043581813780114165,-0.016370484082115964,0.00753213345598601,baseline_has_higher_error_than_model
exact,pre_second,DELTA_TS,no_revision,revision_dfm_kalman_em,79,1000,4,-0.00032697089664984746,-0.002831698482478766,0.0013321150698817697,-0.0005716033348574512,-0.0026615300071260437,0.0013053343157598872,baseline_has_higher_error_than_model
exact,pre_second,DELTA_TS,no_revision,spf,79,1000,4,0.0,0.0,0.0,0.0,0.0,0.0,baseline_has_higher_error_than_model
exact,pre_second,DELTA_TS,no_revision,standard_dfm,79,1000,4,-0.005754974009237079,-0.02368387295156903,0.010238962466433901,-0.008517454060975677,-0.027353747901154035,0.010196087635204269,baseline_has_higher_error_than_model
exact,pre_second,DELTA_TS,bridge,ar,79,1000,4,0.08376298643302815,0.027933895816262842,0.16756226618946335,0.09912474959466061,0.04449954781647427,0.16269824305714645,baseline_has_higher_error_than_model
exact,pre_second,DELTA_TS,bridge,indicator_revision_only_dfm_kalman_em,79,1000,4,0.13029681312929337,0.08082702106742373,0.19706220249490408,0.12110965921244679,0.062341578243392926,0.1818280234555246,baseline_has_higher_error_than_model
exact,pre_second,DELTA_TS,bridge,joint_indicator_revision_dfm_full_kalman_em,79,1000,4,0.1297706167616287,0.07299606292871315,0.20006380571762752,0.12025865371531927,0.05974371246023044,0.18875221375996254,baseline_has_higher_error_than_model
exact,pre_second,DELTA_TS,bridge,midas_umidas,79,1000,4,-6.051631156953261,-10.438703515228713,-0.6455895803173827,-1.7686175070821595,-3.6256119092023,-0.47629873920080845,baseline_has_higher_error_than_model
exact,pre_second,DELTA_TS,bridge,monthly_mixed_frequency_kalman_em,79,1000,4,0.11385578857933121,0.05243567821944349,0.17624713635053676,0.09864410978532023,0.041613188900158755,0.16236969812296612,baseline_has_higher_error_than_model
exact,pre_second,DELTA_TS,bridge,no_revision,79,1000,4,0.13029681312929337,0.07835122468547454,0.2048291112245627,0.12110965921244679,0.06274588285345878,0.18875960659543659,baseline_has_higher_error_than_model
exact,pre_second,DELTA_TS,bridge,release_dfm,79,1000,4,0.12788722351808246,0.07962098275529067,0.19546805669026934,0.11675147783443537,0.06150436264530898,0.18148457493547474,baseline_has_higher_error_than_model
exact,pre_second,DELTA_TS,bridge,revision_dfm_kalman_em,79,1000,4,0.12996984223264352,0.07873216170972835,0.1954927668005375,0.12053805587758934,0.06012189667086369,0.18580920761641076,baseline_has_higher_error_than_model
exact,pre_second,DELTA_TS,bridge,spf,79,1000,4,0.13029681312929337,0.0784758596258397,0.20416842825186923,0.12110965921244679,0.06066885385498503,0.18785786990945516,baseline_has_higher_error_than_model
exact,pre_second,DELTA_TS,bridge,standard_dfm,79,1000,4,0.12454183912005629,0.07538168758793365,0.18531941086534723,0.11259220515147111,0.05632647246146665,0.17432333865516678,baseline_has_higher_error_than_model
exact,pre_second,DELTA_TS,midas_umidas,ar,79,1000,4,6.135394143386288,0.6689648700919524,10.594848661986834,1.86774225667682,0.5351128447892549,3.830227798784922,baseline_has_higher_error_than_model
exact,pre_second,DELTA_TS,midas_umidas,bridge,79,1000,4,6.051631156953261,0.615115278331027,11.128204340680353,1.7686175070821595,0.4631247112517331,4.015372955865113,baseline_has_higher_error_than_model
exact,pre_second,DELTA_TS,midas_umidas,indicator_revision_only_dfm_kalman_em,79,1000,4,6.181927970082554,0.794209460284599,10.800773511890341,1.8897271662946062,0.6002086141834228,3.8983305417394862,baseline_has_higher_error_than_model
exact,pre_second,DELTA_TS,midas_umidas,joint_indicator_revision_dfm_full_kalman_em,79,1000,4,6.181401773714889,0.7202543902753102,10.773779852149977,1.8888761607974787,0.5797232081527428,4.028918510934739,baseline_has_higher_error_than_model
exact,pre_second,DELTA_TS,midas_umidas,monthly_mixed_frequency_kalman_em,79,1000,4,6.165486945532591,0.7099656961456177,10.655853847319461,1.8672616168674796,0.5531970513612801,3.932758002646213,baseline_has_higher_error_than_model
exact,pre_second,DELTA_TS,midas_umidas,no_revision,79,1000,4,6.181927970082554,0.7176152360281941,10.798109097652985,1.8897271662946062,0.567612045021708,4.063486867184033,baseline_has_higher_error_than_model
exact,pre_second,DELTA_TS,midas_umidas,release_dfm,79,1000,4,6.179518380471343,0.7496043056825247,10.828868618708666,1.8853689849165949,0.5725259680129747,4.1012005549273765,baseline_has_higher_error_than_model
exact,pre_second,DELTA_TS,midas_umidas,revision_dfm_kalman_em,79,1000,4,6.181600999185904,0.7608102135359481,10.807458586980962,1.8891555629597487,0.5714590637235264,4.026831799482511,baseline_has_higher_error_than_model
exact,pre_second,DELTA_TS,midas_umidas,spf,79,1000,4,6.181927970082554,0.7577387196287398,10.766465543516862,1.8897271662946062,0.5729791968262832,4.026790261440567,baseline_has_higher_error_than_model
exact,pre_second,DELTA_TS,midas_umidas,standard_dfm,79,1000,4,6.1761729960733165,0.7677929716311676,10.7091377202164,1.8812097122336304,0.5661584591211615,3.9821499332944326,baseline_has_higher_error_than_model
exact,pre_second,DELTA_TS,spf,ar,79,1000,4,-0.04653382669626521,-0.08118255965752758,-0.0032150267209295914,-0.02198490961778618,-0.057816073991940976,0.01581047406068404,baseline_has_higher_error_than_model
exact,pre_second,DELTA_TS,spf,bridge,79,1000,4,-0.13029681312929337,-0.19516608590835946,-0.07375075213648183,-0.12110965921244679,-0.18623413386620988,-0.0584723323257966,baseline_has_higher_error_than_model
exact,pre_second,DELTA_TS,spf,indicator_revision_only_dfm_kalman_em,79,1000,4,0.0,0.0,0.0,0.0,0.0,0.0,baseline_has_higher_error_than_model
exact,pre_second,DELTA_TS,spf,joint_indicator_revision_dfm_full_kalman_em,79,1000,4,-0.0005261963676646553,-0.0030619350808520213,0.00122968952042294,-0.0008510054971275216,-0.002977395445244943,0.0010030998981371841,baseline_has_higher_error_than_model
exact,pre_second,DELTA_TS,spf,midas_umidas,79,1000,4,-6.181927970082554,-10.91986242621177,-0.6545005267377912,-1.8897271662946062,-4.234084625660775,-0.5371073463504743,baseline_has_higher_error_than_model
exact,pre_second,DELTA_TS,spf,monthly_mixed_frequency_kalman_em,79,1000,4,-0.016441024549962158,-0.07558015997654845,0.019224966468685562,-0.022465549427126558,-0.0591956886685791,0.010049255076496205,baseline_has_higher_error_than_model
exact,pre_second,DELTA_TS,spf,no_revision,79,1000,4,0.0,0.0,0.0,0.0,0.0,0.0,baseline_has_higher_error_than_model
exact,pre_second,DELTA_TS,spf,release_dfm,79,1000,4,-0.002409589611210905,-0.013701733330363937,0.007728947332154705,-0.0043581813780114165,-0.01659813602373457,0.00733805194133664,baseline_has_higher_error_than_model
exact,pre_second,DELTA_TS,spf,revision_dfm_kalman_em,79,1000,4,-0.00032697089664984746,-0.002868676257312068,0.0012955604501730556,-0.0005716033348574512,-0.002567822274433658,0.0012961958987430665,baseline_has_higher_error_than_model
exact,pre_second,DELTA_TS,spf,standard_dfm,79,1000,4,-0.005754974009237079,-0.02344123347365559,0.012020865525625425,-0.008517454060975677,-0.027439757263841798,0.010156359630633455,baseline_has_higher_error_than_model
exact,pre_second,DELTA_TS,standard_dfm,ar,79,1000,4,-0.04077885268702813,-0.07426960140032052,0.0005717650425710272,-0.013467455556810504,-0.05338386691304421,0.02142411927087661,baseline_has_higher_error_than_model
exact,pre_second,DELTA_TS,standard_dfm,bridge,79,1000,4,-0.12454183912005629,-0.181178903417895,-0.07795099695336012,-0.11259220515147111,-0.1759331999945705,-0.05609658689341318,baseline_has_higher_error_than_model
exact,pre_second,DELTA_TS,standard_dfm,indicator_revision_only_dfm_kalman_em,79,1000,4,0.005754974009237079,-0.010781946573421507,0.025443902879245767,0.008517454060975677,-0.010324653974912007,0.027498207564667407,baseline_has_higher_error_than_model
exact,pre_second,DELTA_TS,standard_dfm,joint_indicator_revision_dfm_full_kalman_em,79,1000,4,0.005228777641572424,-0.01117722073962353,0.0223624937555658,0.007666448563848155,-0.009293433625339702,0.02627698679940965,baseline_has_higher_error_than_model
exact,pre_second,DELTA_TS,standard_dfm,midas_umidas,79,1000,4,-6.1761729960733165,-10.745048708229184,-0.6870084457130428,-1.8812097122336304,-3.9803702608306337,-0.5560830164746362,baseline_has_higher_error_than_model
exact,pre_second,DELTA_TS,standard_dfm,monthly_mixed_frequency_kalman_em,79,1000,4,-0.010686050540725078,-0.06514082842125778,0.02112321293920472,-0.013948095366150881,-0.04152543913446298,0.0122261074585549,baseline_has_higher_error_than_model
exact,pre_second,DELTA_TS,standard_dfm,no_revision,79,1000,4,0.005754974009237079,-0.010332094872698008,0.024799009899729614,0.008517454060975677,-0.010060693167322558,0.026587051801898305,baseline_has_higher_error_than_model
exact,pre_second,DELTA_TS,standard_dfm,release_dfm,79,1000,4,0.0033453843980261744,-0.003119512566521537,0.011447732459829437,0.00415927268296426,-0.0032922534659409557,0.011806538969062239,baseline_has_higher_error_than_model
exact,pre_second,DELTA_TS,standard_dfm,revision_dfm_kalman_em,79,1000,4,0.005428003112587232,-0.010678558361942734,0.02209541982135548,0.007945850726118225,-0.008631264890079765,0.025977259312770656,baseline_has_higher_error_than_model
exact,pre_second,DELTA_TS,standard_dfm,spf,79,1000,4,0.005754974009237079,-0.009785998071433145,0.025141194561964154,0.008517454060975677,-0.008739678579709042,0.02744104225760582,baseline_has_higher_error_than_model
exact,pre_second,DELTA_TS,release_dfm,ar,79,1000,4,-0.04412423708505431,-0.08201570081209857,-0.003499234715540925,-0.017626728239774764,-0.05782754681800377,0.020342684638036332,baseline_has_higher_error_than_model
exact,pre_second,DELTA_TS,release_dfm,bridge,79,1000,4,-0.12788722351808246,-0.19418547829977081,-0.07752995981575635,-0.11675147783443537,-0.17690977412274578,-0.05860205157352775,baseline_has_higher_error_than_model
exact,pre_second,DELTA_TS,release_dfm,indicator_revision_only_dfm_kalman_em,79,1000,4,0.002409589611210905,-0.008605087457631201,0.01486181496061388,0.0043581813780114165,-0.00736916976663158,0.016290935814333916,baseline_has_higher_error_than_model
exact,pre_second,DELTA_TS,release_dfm,joint_indicator_revision_dfm_full_kalman_em,79,1000,4,0.0018833932435462497,-0.007151988736690315,0.012388385291641617,0.003507175880883895,-0.007025012496097651,0.015021582446312092,baseline_has_higher_error_than_model
exact,pre_second,DELTA_TS,release_dfm,midas_umidas,79,1000,4,-6.179518380471343,-10.698392033351842,-0.6995627044099133,-1.8853689849165949,-3.9514611696751776,-0.5453884503332516,baseline_has_higher_error_than_model
exact,pre_second,DELTA_TS,release_dfm,monthly_mixed_frequency_kalman_em,79,1000,4,-0.014031434938751253,-0.06796389288281865,0.01933148865342899,-0.01810736804911514,-0.04487246472479097,0.008458304681333479,baseline_has_higher_error_than_model
exact,pre_second,DELTA_TS,release_dfm,no_revision,79,1000,4,0.002409589611210905,-0.007678910507892254,0.014074494973848632,0.0043581813780114165,-0.007265869049219857,0.017049608087036035,baseline_has_higher_error_than_model
exact,pre_second,DELTA_TS,release_dfm,revision_dfm_kalman_em,79,1000,4,0.0020826187145610575,-0.006958550195260352,0.011486597382819047,0.0037865780431539653,-0.006636635535377016,0.01441861448156845,baseline_has_higher_error_than_model
exact,pre_second,DELTA_TS,release_dfm,spf,79,1000,4,0.002409589611210905,-0.009377515324829062,0.014471143830264006,0.0043581813780114165,-0.008429218814168018,0.01637973156946378,baseline_has_higher_error_than_model
exact,pre_second,DELTA_TS,release_dfm,standard_dfm,79,1000,4,-0.0033453843980261744,-0.010678919439823886,0.0037498781102643097,-0.00415927268296426,-0.011665966266131651,0.003683512323255081,baseline_has_higher_error_than_model
exact,pre_third,DELTA_MT,ar,bridge,80,1000,4,1.0614406449809208,-0.08378076517839103,1.9813134956030736,0.2715067900873933,-0.12609984540479077,0.7230634502942594,baseline_has_higher_error_than_model
exact,pre_third,DELTA_MT,ar,indicator_revision_only_dfm_kalman_em,80,1000,4,1.69086769276818,0.3530130451957982,2.975147533402977,0.7098917002683489,0.25817936956313825,1.2258271049301925,baseline_has_higher_error_than_model
exact,pre_third,DELTA_MT,ar,joint_indicator_revision_dfm_full_kalman_em,80,1000,4,1.6892491687521038,0.3491794072529931,2.9959247892896115,0.708213972097425,0.25883898942783473,1.2519193074002584,baseline_has_higher_error_than_model
exact,pre_third,DELTA_MT,ar,midas_umidas,80,1000,4,-15.734084188319441,-27.21604075576646,-2.9889643207859993,-5.738390822257962,-11.11641550066697,-2.15314534601692,baseline_has_higher_error_than_model
exact,pre_third,DELTA_MT,ar,monthly_mixed_frequency_kalman_em,80,1000,4,1.6425452784955759,0.30871202256840985,2.914324082846035,0.6692712816445667,0.20083071904569652,1.2241183006405498,baseline_has_higher_error_than_model
exact,pre_third,DELTA_MT,ar,no_revision,80,1000,4,1.69086769276818,0.36261619797268485,2.865059644216175,0.7098917002683489,0.2579177781223243,1.2369275599622669,baseline_has_higher_error_than_model
exact,pre_third,DELTA_MT,ar,release_dfm,80,1000,4,1.6432891694401128,0.31997175407945,2.9613035189237418,0.6983904535654037,0.2187109948216711,1.2572531295129132,baseline_has_higher_error_than_model
exact,pre_third,DELTA_MT,ar,revision_dfm_kalman_em,80,1000,4,1.6891794757236234,0.325954775579569,2.9146140709456567,0.7083865173625752,0.24305023317064628,1.276241580592875,baseline_has_higher_error_than_model
exact,pre_third,DELTA_MT,ar,spf,80,1000,4,1.69086769276818,0.33750069126422233,2.9069502961781897,0.7098917002683489,0.24796125150582077,1.2454158422932267,baseline_has_higher_error_than_model
exact,pre_third,DELTA_MT,ar,standard_dfm,80,1000,4,1.405372180057335,0.25570615416164194,2.3743529515350628,0.5300315639287201,0.13217885526396164,0.9988702085682291,baseline_has_higher_error_than_model
exact,pre_third,DELTA_MT,no_revision,ar,80,1000,4,-1.69086769276818,-2.9843466845180386,-0.3785000479468343,-0.7098917002683489,-1.2612310491184204,-0.25288328295624984,baseline_has_higher_error_than_model
exact,pre_third,DELTA_MT,no_revision,bridge,80,1000,4,-0.6294270477872592,-1.057165755595941,-0.30538913452893274,-0.4383849101809556,-0.7958007574535786,-0.17158766209210646,baseline_has_higher_error_than_model
exact,pre_third,DELTA_MT,no_revision,indicator_revision_only_dfm_kalman_em,80,1000,4,0.0,0.0,0.0,0.0,0.0,0.0,baseline_has_higher_error_than_model
exact,pre_third,DELTA_MT,no_revision,joint_indicator_revision_dfm_full_kalman_em,80,1000,4,-0.001618524016076206,-0.004233351232771953,0.0012831633566354138,-0.0016777281709239311,-0.003795179774201246,0.0004925495964187172,baseline_has_higher_error_than_model
exact,pre_third,DELTA_MT,no_revision,midas_umidas,80,1000,4,-17.424951881087622,-30.38509680091108,-4.144168524631698,-6.448282522526311,-12.518863668905038,-2.7796087045448794,baseline_has_higher_error_than_model
exact,pre_third,DELTA_MT,no_revision,monthly_mixed_frequency_kalman_em,80,1000,4,-0.0483224142726042,-0.08105509628029839,-0.012671490089084516,-0.040620418623782184,-0.06835067110192723,-0.011834962524564563,baseline_has_higher_error_than_model
exact,pre_third,DELTA_MT,no_revision,release_dfm,80,1000,4,-0.047578523328067224,-0.1601815382857161,0.06346346957329257,-0.011501246702945167,-0.1150808560993438,0.08892277053732402,baseline_has_higher_error_than_model
exact,pre_third,DELTA_MT,no_revision,revision_dfm_kalman_em,80,1000,4,-0.0016882170445566835,-0.003804866992228306,0.000721766163383286,-0.0015051829057737276,-0.003484973202162495,0.0003229234123562602,baseline_has_higher_error_than_model
exact,pre_third,DELTA_MT,no_revision,spf,80,1000,4,0.0,0.0,0.0,0.0,0.0,0.0,baseline_has_higher_error_than_model
exact,pre_third,DELTA_MT,no_revision,standard_dfm,80,1000,4,-0.28549551271084495,-0.6258100241998572,-0.03896600629488799,-0.17986013633962883,-0.3888895324424283,-0.021202745790972307,baseline_has_higher_error_than_model
exact,pre_third,DELTA_MT,bridge,ar,80,1000,4,-1.0614406449809208,-2.036042910406601,0.10864705696115226,-0.2715067900873933,-0.7081166704942213,0.13250134676843325,baseline_has_higher_error_than_model
exact,pre_third,DELTA_MT,bridge,indicator_revision_only_dfm_kalman_em,80,1000,4,0.6294270477872592,0.3007709796056629,1.0513526150902694,0.4383849101809556,0.1772111276072439,0.7882744435452973,baseline_has_higher_error_than_model
exact,pre_third,DELTA_MT,bridge,joint_indicator_revision_dfm_full_kalman_em,80,1000,4,0.627808523771183,0.27944227078612227,1.023768600923146,0.43670718201003167,0.15257245572534425,0.7700531692404933,baseline_has_higher_error_than_model
exact,pre_third,DELTA_MT,bridge,midas_umidas,80,1000,4,-16.795524833300362,-28.991045743539058,-3.7889426111838542,-6.009897612345355,-11.688807953091208,-2.5148642300392705,baseline_has_higher_error_than_model
exact,pre_third,DELTA_MT,bridge,monthly_mixed_frequency_kalman_em,80,1000,4,0.581104633514655,0.2501600882933119,0.9799479495199552,0.3977644915571734,0.1180636761095452,0.7304370595955906,baseline_has_higher_error_than_model
exact,pre_third,DELTA_MT,bridge,no_revision,80,1000,4,0.6294270477872592,0.302031585437023,1.0393006782773686,0.4383849101809556,0.17343494855601524,0.7830309081383632,baseline_has_higher_error_than_model
exact,pre_third,DELTA_MT,bridge,release_dfm,80,1000,4,0.581848524459192,0.21116591832880027,0.9631897015468338,0.42688366347801043,0.1415864803805739,0.7617338493504717,baseline_has_higher_error_than_model
exact,pre_third,DELTA_MT,bridge,revision_dfm_kalman_em,80,1000,4,0.6277388307427025,0.3003233778121486,1.035119667275408,0.4368797272751819,0.16925835932998612,0.7840241784226955,baseline_has_higher_error_than_model
exact,pre_third,DELTA_MT,bridge,spf,80,1000,4,0.6294270477872592,0.28985963650973423,1.044736951591002,0.4383849101809556,0.15451391492657118,0.8014039632533912,baseline_has_higher_error_than_model
exact,pre_third,DELTA_MT,bridge,standard_dfm,80,1000,4,0.3439315350764143,0.1422998468864398,0.5627438995456819,0.25852477384132677,0.05593280636105602,0.4800288358524948,baseline_has_higher_error_than_model
exact,pre_third,DELTA_MT,midas_umidas,ar,80,1000,4,15.734084188319441,3.0486407993620284,27.555496483019194,5.738390822257962,2.166429780335534,11.592570543075917,baseline_has_higher_error_than_model
exact,pre_third,DELTA_MT,midas_umidas,bridge,80,1000,4,16.795524833300362,3.5265915470946845,28.776045368838197,6.009897612345355,2.3475531604362603,11.12424070347796,baseline_has_higher_error_than_model
exact,pre_third,DELTA_MT,midas_umidas,indicator_revision_only_dfm_kalman_em,80,1000,4,17.424951881087622,3.9138334006835254,29.93338925385016,6.448282522526311,2.7103109478742557,12.354485326151066,baseline_has_higher_error_than_model
exact,pre_third,DELTA_MT,midas_umidas,joint_indicator_revision_dfm_full_kalman_em,80,1000,4,17.423333357071545,4.020502023711695,29.908746984122274,6.4466047943553875,2.7021729179226,12.37042990367846,baseline_has_higher_error_than_model
exact,pre_third,DELTA_MT,midas_umidas,monthly_mixed_frequency_kalman_em,80,1000,4,17.376629466815018,3.968804252947489,29.835241361172855,6.4076621039025285,2.6456837957140986,12.219439017274013,baseline_has_higher_error_than_model
exact,pre_third,DELTA_MT,midas_umidas,no_revision,80,1000,4,17.424951881087622,4.062309193421977,29.80203115823119,6.448282522526311,2.7110682413200715,12.201548755978909,baseline_has_higher_error_than_model
exact,pre_third,DELTA_MT,midas_umidas,release_dfm,80,1000,4,17.377373357759556,3.9605429963306493,29.78818112445417,6.436781275823366,2.7051048249577745,11.905069234687014,baseline_has_higher_error_than_model
exact,pre_third,DELTA_MT,midas_umidas,revision_dfm_kalman_em,80,1000,4,17.423263664043066,3.855082856692245,29.723905899227695,6.446777339620537,2.5539510492378312,11.937150758822437,baseline_has_higher_error_than_model
exact,pre_third,DELTA_MT,midas_umidas,spf,80,1000,4,17.424951881087622,4.005972226900047,30.260604023179443,6.448282522526311,2.6992059061287152,12.51671713037888,baseline_has_higher_error_than_model
exact,pre_third,DELTA_MT,midas_umidas,standard_dfm,80,1000,4,17.139456368376777,3.85298307438183,29.311536203393313,6.268422386186682,2.5726567365898454,12.002170858850507,baseline_has_higher_error_than_model
exact,pre_third,DELTA_MT,spf,ar,80,1000,4,-1.69086769276818,-3.0077589700275897,-0.3776898542522421,-0.7098917002683489,-1.2361628612982742,-0.2685901383436149,baseline_has_higher_error_than_model
exact,pre_third,DELTA_MT,spf,bridge,80,1000,4,-0.6294270477872592,-1.0137149873589881,-0.3031033731622962,-0.4383849101809556,-0.7620287477676647,-0.1848513665446682,baseline_has_higher_error_than_model
exact,pre_third,DELTA_MT,spf,indicator_revision_only_dfm_kalman_em,80,1000,4,0.0,0.0,0.0,0.0,0.0,0.0,baseline_has_higher_error_than_model
exact,pre_third,DELTA_MT,spf,joint_indicator_revision_dfm_full_kalman_em,80,1000,4,-0.001618524016076206,-0.0042287703754175674,0.001156927415071189,-0.0016777281709239311,-0.0037761531372295792,0.0005603108159233037,baseline_has_higher_error_than_model
exact,pre_third,DELTA_MT,spf,midas_umidas,80,1000,4,-17.424951881087622,-29.696350496853412,-4.02317349986114,-6.448282522526311,-11.842415648595438,-2.777753694764691,baseline_has_higher_error_than_model
exact,pre_third,DELTA_MT,spf,monthly_mixed_frequency_kalman_em,80,1000,4,-0.0483224142726042,-0.08097433179311275,-0.010441238731781625,-0.040620418623782184,-0.06917920765102353,-0.010923894492507056,baseline_has_higher_error_than_model
exact,pre_third,DELTA_MT,spf,no_revision,80,1000,4,0.0,0.0,0.0,0.0,0.0,0.0,baseline_has_higher_error_than_model
exact,pre_third,DELTA_MT,spf,release_dfm,80,1000,4,-0.047578523328067224,-0.15662538833801196,0.07259094457513805,-0.011501246702945167,-0.10952247983353142,0.08774182599048773,baseline_has_higher_error_than_model
exact,pre_third,DELTA_MT,spf,revision_dfm_kalman_em,80,1000,4,-0.0016882170445566835,-0.003793763630842878,0.00039294735772126243,-0.0015051829057737276,-0.0032893837108253277,0.00020519440332693594,baseline_has_higher_error_than_model
exact,pre_third,DELTA_MT,spf,standard_dfm,80,1000,4,-0.28549551271084495,-0.6434260556862847,-0.0357780887815512,-0.17986013633962883,-0.3830340186640538,-0.024824019898252184,baseline_has_higher_error_than_model
exact,pre_third,DELTA_MT,standard_dfm,ar,80,1000,4,-1.405372180057335,-2.440838819079736,-0.2943477286665851,-0.5300315639287201,-1.033430213902091,-0.11100690800726627,baseline_has_higher_error_than_model
exact,pre_third,DELTA_MT,standard_dfm,bridge,80,1000,4,-0.3439315350764143,-0.5555739397796158,-0.13462598111850507,-0.25852477384132677,-0.4652909830671391,-0.05922758391168951,baseline_has_higher_error_than_model
exact,pre_third,DELTA_MT,standard_dfm,indicator_revision_only_dfm_kalman_em,80,1000,4,0.28549551271084495,0.0434065041666419,0.6434880457662673,0.17986013633962883,0.032224163402750236,0.40337158272065077,baseline_has_higher_error_than_model
exact,pre_third,DELTA_MT,standard_dfm,joint_indicator_revision_dfm_full_kalman_em,80,1000,4,0.28387698869476874,0.046504496756488156,0.6321165493189775,0.1781824081687049,0.034101200937558994,0.38114244630633953,baseline_has_higher_error_than_model
exact,pre_third,DELTA_MT,standard_dfm,midas_umidas,80,1000,4,-17.139456368376777,-29.34989077219849,-3.8620773981366243,-6.268422386186682,-11.763164724309346,-2.520019348198318,baseline_has_higher_error_than_model
exact,pre_third,DELTA_MT,standard_dfm,monthly_mixed_frequency_kalman_em,80,1000,4,0.23717309843824075,-0.01999240985751223,0.5786197936354365,0.13923971771584664,-0.030974966403936408,0.33878921224984176,baseline_has_higher_error_than_model
exact,pre_third,DELTA_MT,standard_dfm,no_revision,80,1000,4,0.28549551271084495,0.05309386512455659,0.6615541747426363,0.17986013633962883,0.03862917621789458,0.3912477810305474,baseline_has_higher_error_than_model
exact,pre_third,DELTA_MT,standard_dfm,release_dfm,80,1000,4,0.23791698938277772,0.006871248914899383,0.5567619740110286,0.16835888963668366,0.04725668065594408,0.337630131282033,baseline_has_higher_error_than_model
exact,pre_third,DELTA_MT,standard_dfm,revision_dfm_kalman_em,80,1000,4,0.28380729566628826,0.04365443956196387,0.6154717113004015,0.1783549534338551,0.026591937638250445,0.3709799273285191,baseline_has_higher_error_than_model
exact,pre_third,DELTA_MT,standard_dfm,spf,80,1000,4,0.28549551271084495,0.04577834560901585,0.6228929175212351,0.17986013633962883,0.03370003809812485,0.3724200131919096,baseline_has_higher_error_than_model
exact,pre_third,DELTA_MT,release_dfm,ar,80,1000,4,-1.6432891694401128,-2.7975972333251975,-0.3756583108383778,-0.6983904535654037,-1.21685963707114,-0.24985170080875738,baseline_has_higher_error_than_model
exact,pre_third,DELTA_MT,release_dfm,bridge,80,1000,4,-0.581848524459192,-0.9943966423458083,-0.21615915707240618,-0.42688366347801043,-0.7566087511261458,-0.16111450325470728,baseline_has_higher_error_than_model
exact,pre_third,DELTA_MT,release_dfm,indicator_revision_only_dfm_kalman_em,80,1000,4,0.047578523328067224,-0.0755451912982885,0.15559618416857393,0.011501246702945167,-0.08254226201837975,0.1031512396151031,baseline_has_higher_error_than_model
exact,pre_third,DELTA_MT,release_dfm,joint_indicator_revision_dfm_full_kalman_em,80,1000,4,0.04595999931199102,-0.06332520724728354,0.16316483774465707,0.009823518532021236,-0.08378556916531257,0.1124030234577313,baseline_has_higher_error_than_model
exact,pre_third,DELTA_MT,release_dfm,midas_umidas,80,1000,4,-17.377373357759556,-29.82052317355911,-3.9199037402585017,-6.436781275823366,-12.376145888777186,-2.5412437395758,baseline_has_higher_error_than_model
exact,pre_third,DELTA_MT,release_dfm,monthly_mixed_frequency_kalman_em,80,1000,4,-0.0007438909445369735,-0.13238261107516752,0.1315610512485665,-0.029119171920837017,-0.13809132053308162,0.0680331219012818,baseline_has_higher_error_than_model
exact,pre_third,DELTA_MT,release_dfm,no_revision,80,1000,4,0.047578523328067224,-0.07071023975309676,0.15139109290726796,0.011501246702945167,-0.08903744966586086,0.11252960567235389,baseline_has_higher_error_than_model
exact,pre_third,DELTA_MT,release_dfm,revision_dfm_kalman_em,80,1000,4,0.04589030628351054,-0.0684027238243862,0.16289094207441884,0.00999606379717144,-0.08635114379344337,0.10827985998176351,baseline_has_higher_error_than_model
exact,pre_third,DELTA_MT,release_dfm,spf,80,1000,4,0.047578523328067224,-0.07315938638236441,0.16029689282432116,0.011501246702945167,-0.08979203250980347,0.11039036386923212,baseline_has_higher_error_than_model
exact,pre_third,DELTA_MT,release_dfm,standard_dfm,80,1000,4,-0.23791698938277772,-0.5406285945905416,-0.0037600403135879465,-0.16835888963668366,-0.33053789372449616,-0.0355385028130033,baseline_has_higher_error_than_model
pseudo,pre_advance,DELTA_SA,ar,bridge,79,1000,4,-0.04398482606209253,-0.12859899482591464,0.03848986931939264,-0.031112855211334445,-0.06762760910603458,0.005192613581339498,baseline_has_higher_error_than_model
pseudo,pre_advance,DELTA_SA,ar,indicator_revision_only_dfm_kalman_em,79,1000,4,0.10847939712025434,0.006876758058783497,0.231785968205748,0.06854692808634405,-0.012528253433333294,0.1669346997741052,baseline_has_higher_error_than_model
pseudo,pre_advance,DELTA_SA,ar,joint_indicator_revision_dfm_full_kalman_em,79,1000,4,0.04111678480741321,-0.06630978119758299,0.12850499786788838,-0.004417802876731158,-0.06871378362413728,0.06808514229070957,baseline_has_higher_error_than_model
pseudo,pre_advance,DELTA_SA,ar,midas_umidas,79,1000,4,-98.78531805424713,-171.255840962893,-5.195423660355674,-17.866042297825842,-45.03065031601277,-3.356741666355893,baseline_has_higher_error_than_model
pseudo,pre_advance,DELTA_SA,ar,monthly_mixed_frequency_kalman_em,79,1000,4,0.03825500033725404,-0.06918818147062906,0.13682249268993923,0.05345967799638396,-0.013725015229177281,0.12675333994494967,baseline_has_higher_error_than_model
pseudo,pre_advance,DELTA_SA,ar,no_revision,79,1000,4,0.10847939712025434,0.006362483042640962,0.24590073082042976,0.06854692808634405,-0.010267981936684635,0.1719106929348786,baseline_has_higher_error_than_model
pseudo,pre_advance,DELTA_SA,ar,release_dfm,79,1000,4,0.03756380412064153,-0.0587476400747557,0.12365601748050788,0.0413087111470517,-0.013104796403702709,0.10044540712763282,baseline_has_higher_error_than_model
pseudo,pre_advance,DELTA_SA,ar,revision_dfm_kalman_em,79,1000,4,0.049001267363829704,-0.043110497946471725,0.1353698529669907,0.03112132841796411,-0.02532213133984309,0.09463406632352703,baseline_has_higher_error_than_model
pseudo,pre_advance,DELTA_SA,ar,spf,79,1000,4,0.10847939712025434,0.005638460157352596,0.2385174105715202,0.06854692808634405,-0.011983785607045357,0.16760733156900398,baseline_has_higher_error_than_model
pseudo,pre_advance,DELTA_SA,ar,standard_dfm,79,1000,4,0.03756380412064153,-0.0669127441649931,0.1225372090800723,0.0413087111470517,-0.0160437277672758,0.1024076254945414,baseline_has_higher_error_than_model
pseudo,pre_advance,DELTA_SA,no_revision,ar,79,1000,4,-0.10847939712025434,-0.25124874544038855,-0.003136695841353982,-0.06854692808634405,-0.16242759115105065,0.011528351850273911,baseline_has_higher_error_than_model
pseudo,pre_advance,DELTA_SA,no_revision,bridge,79,1000,4,-0.15246422318234687,-0.31329800604014285,-0.010475215724760241,-0.0996597832976785,-0.205515089258964,-0.013140948194791531,baseline_has_higher_error_than_model
pseudo,pre_advance,DELTA_SA,no_revision,indicator_revision_only_dfm_kalman_em,79,1000,4,0.0,0.0,0.0,0.0,0.0,0.0,baseline_has_higher_error_than_model
pseudo,pre_advance,DELTA_SA,no_revision,joint_indicator_revision_dfm_full_kalman_em,79,1000,4,-0.06736261231284113,-0.2076851660839357,0.03994326163809978,-0.07296473096307521,-0.18573079916887258,0.01575760040537095,baseline_has_higher_error_than_model
pseudo,pre_advance,DELTA_SA,no_revision,midas_umidas,79,1000,4,-98.89379745136738,-171.46616746735958,-5.392898295122767,-17.934589225912188,-45.315120845066424,-3.4454529851019835,baseline_has_higher_error_than_model
pseudo,pre_advance,DELTA_SA,no_revision,monthly_mixed_frequency_kalman_em,79,1000,4,-0.0702243967830003,-0.22179888028961325,0.03659121741616515,-0.015087250089960091,-0.09947142434347661,0.0531336369211976,baseline_has_higher_error_than_model
pseudo,pre_advance,DELTA_SA,no_revision,release_dfm,79,1000,4,-0.07091559299961281,-0.2026844858005924,0.02497763130089265,-0.027238216939292348,-0.08445747296495111,0.020735603102478566,baseline_has_higher_error_than_model
pseudo,pre_advance,DELTA_SA,no_revision,revision_dfm_kalman_em,79,1000,4,-0.059478129756424636,-0.1736159652608519,0.029707233854842464,-0.03742559966837994,-0.11577712591124277,0.02384858501163352,baseline_has_higher_error_than_model
pseudo,pre_advance,DELTA_SA,no_revision,spf,79,1000,4,0.0,0.0,0.0,0.0,0.0,0.0,baseline_has_higher_error_than_model
pseudo,pre_advance,DELTA_SA,no_revision,standard_dfm,79,1000,4,-0.07091559299961281,-0.19254457805222053,0.022739869307093402,-0.027238216939292348,-0.08121417207657584,0.01798357175116566,baseline_has_higher_error_than_model
pseudo,pre_advance,DELTA_SA,bridge,ar,79,1000,4,0.04398482606209253,-0.03686368523543252,0.1287017601318545,0.031112855211334445,-0.005807648264468709,0.06586336455714824,baseline_has_higher_error_than_model
pseudo,pre_advance,DELTA_SA,bridge,indicator_revision_only_dfm_kalman_em,79,1000,4,0.15246422318234687,-0.0014463022159986912,0.3013023307502976,0.0996597832976785,0.009794853621058228,0.20532989770904891,baseline_has_higher_error_than_model
pseudo,pre_advance,DELTA_SA,bridge,joint_indicator_revision_dfm_full_kalman_em,79,1000,4,0.08510161086950574,-0.032432822164728516,0.19448615697690438,0.026695052334603286,-0.046269650091596566,0.10806450635235329,baseline_has_higher_error_than_model
pseudo,pre_advance,DELTA_SA,bridge,midas_umidas,79,1000,4,-98.74133322818503,-171.83070609677569,-5.226909810368903,-17.83492944261451,-45.56231092788623,-3.3963272296873273,baseline_has_higher_error_than_model
pseudo,pre_advance,DELTA_SA,bridge,monthly_mixed_frequency_kalman_em,79,1000,4,0.08223982639934657,-0.03050657730714104,0.1988287411024605,0.0845725332077184,0.023829051069229654,0.15531793371608402,baseline_has_higher_error_than_model
pseudo,pre_advance,DELTA_SA,bridge,no_revision,79,1000,4,0.15246422318234687,0.0014801897237466035,0.322314257622227,0.0996597832976785,0.009228270306399815,0.21119152629335927,baseline_has_higher_error_than_model
pseudo,pre_advance,DELTA_SA,bridge,release_dfm,79,1000,4,0.08154863018273406,-0.008913373593381188,0.17916981000530838,0.07242156635838615,0.0185487104613755,0.13686638256835934,baseline_has_higher_error_than_model
pseudo,pre_advance,DELTA_SA,bridge,revision_dfm_kalman_em,79,1000,4,0.09298609342592223,-0.009634774983863666,0.2028887023800039,0.062234183629298556,0.0007442865182797523,0.13667459228983825,baseline_has_higher_error_than_model
pseudo,pre_advance,DELTA_SA,bridge,spf,79,1000,4,0.15246422318234687,0.00750765164432407,0.3116742215309577,0.0996597832976785,0.005493995364921451,0.21099085709318102,baseline_has_higher_error_than_model
pseudo,pre_advance,DELTA_SA,bridge,standard_dfm,79,1000,4,0.08154863018273406,-0.010349988737282172,0.17904628040208265,0.07242156635838615,0.017641958934694488,0.14185633599045191,baseline_has_higher_error_than_model
pseudo,pre_advance,DELTA_SA,midas_umidas,ar,79,1000,4,98.78531805424713,5.378113491497484,171.1355035623275,17.866042297825842,3.454764241825511,44.32571807926591,baseline_has_higher_error_than_model
pseudo,pre_advance,DELTA_SA,midas_umidas,bridge,79,1000,4,98.74133322818503,5.2365312172113105,171.80899076638656,17.83492944261451,3.3833339581893305,45.84772964122975,baseline_has_higher_error_than_model
pseudo,pre_advance,DELTA_SA,midas_umidas,indicator_revision_only_dfm_kalman_em,79,1000,4,98.89379745136738,5.388311321748818,195.88053273909006,17.934589225912188,3.490978416229501,53.297139729590114,baseline_has_higher_error_than_model
pseudo,pre_advance,DELTA_SA,midas_umidas,joint_indicator_revision_dfm_full_kalman_em,79,1000,4,98.82643483905454,5.38669485883323,171.21306870214164,17.861624494949112,3.5353297447598897,44.56872791522347,baseline_has_higher_error_than_model
pseudo,pre_advance,DELTA_SA,midas_umidas,monthly_mixed_frequency_kalman_em,79,1000,4,98.82357305458437,5.472279299944851,171.14776627455527,17.91950197582223,3.6180356914441347,44.89872901951975,baseline_has_higher_error_than_model
pseudo,pre_advance,DELTA_SA,midas_umidas,no_revision,79,1000,4,98.89379745136738,5.592402907658591,172.02584390931665,17.934589225912188,3.6531015052959614,45.830840506539694,baseline_has_higher_error_than_model
pseudo,pre_advance,DELTA_SA,midas_umidas,release_dfm,79,1000,4,98.82288185836777,5.495856862343294,171.25317746131685,17.907351008972896,3.5973580664231304,44.996864458006435,baseline_has_higher_error_than_model
pseudo,pre_advance,DELTA_SA,midas_umidas,revision_dfm_kalman_em,79,1000,4,98.83431932161095,5.283721339277242,171.31116693743715,17.89716362624381,3.449421022959552,45.51412364549609,baseline_has_higher_error_than_model
pseudo,pre_advance,DELTA_SA,midas_umidas,spf,79,1000,4,98.89379745136738,5.495275747522422,172.14250131556815,17.934589225912188,3.555348306304397,45.733509028367656,baseline_has_higher_error_than_model
pseudo,pre_advance,DELTA_SA,midas_umidas,standard_dfm,79,1000,4,98.82288185836777,5.426531727633885,171.13706119428272,17.907351008972896,3.537322641378916,44.486564324652186,baseline_has_higher_error_than_model
pseudo,pre_advance,DELTA_SA,spf,ar,79,1000,4,-0.10847939712025434,-0.24491317000611296,-0.00322490785345498,-0.06854692808634405,-0.1703742678659541,0.013252830642342157,baseline_has_higher_error_than_model
pseudo,pre_advance,DELTA_SA,spf,bridge,79,1000,4,-0.15246422318234687,-0.3234023045519385,-0.008512837660843037,-0.0996597832976785,-0.2148449261342489,-0.005250322817552536,baseline_has_higher_error_than_model
pseudo,pre_advance,DELTA_SA,spf,indicator_revision_only_dfm_kalman_em,79,1000,4,0.0,0.0,0.0,0.0,0.0,0.0,baseline_has_higher_error_than_model
pseudo,pre_advance,DELTA_SA,spf,joint_indicator_revision_dfm_full_kalman_em,79,1000,4,-0.06736261231284113,-0.19213038118967324,0.046159948327473985,-0.07296473096307521,-0.17369220680705996,0.01725301024870233,baseline_has_higher_error_than_model
pseudo,pre_advance,DELTA_SA,spf,midas_umidas,79,1000,4,-98.89379745136738,-171.4404832761213,-5.309392701488888,-17.934589225912188,-45.26573241278878,-3.502902255245591,baseline_has_higher_error_than_model
pseudo,pre_advance,DELTA_SA,spf,monthly_mixed_frequency_kalman_em,79,1000,4,-0.0702243967830003,-0.23190861336990304,0.03734327334978256,-0.015087250089960091,-0.10878018517298203,0.051154104640740376,baseline_has_higher_error_than_model
pseudo,pre_advance,DELTA_SA,spf,no_revision,79,1000,4,0.0,0.0,0.0,0.0,0.0,0.0,baseline_has_higher_error_than_model
pseudo,pre_advance,DELTA_SA,spf,release_dfm,79,1000,4,-0.07091559299961281,-0.2022579212669755,0.018546276667302054,-0.027238216939292348,-0.08653915172946848,0.018505555450217055,baseline_has_higher_error_than_model
pseudo,pre_advance,DELTA_SA,spf,revision_dfm_kalman_em,79,1000,4,-0.059478129756424636,-0.1875079081775033,0.029304309900384122,-0.03742559966837994,-0.1250014134497637,0.023723616271520517,baseline_has_higher_error_than_model
pseudo,pre_advance,DELTA_SA,spf,standard_dfm,79,1000,4,-0.07091559299961281,-0.19244747665678658,0.01841874031812935,-0.027238216939292348,-0.08281375946005944,0.019983292801860467,baseline_has_higher_error_than_model
pseudo,pre_advance,DELTA_SA,standard_dfm,ar,79,1000,4,-0.03756380412064153,-0.13135250365543177,0.05952040509679685,-0.0413087111470517,-0.10318042661819544,0.013489203209162933,baseline_has_higher_error_than_model
pseudo,pre_advance,DELTA_SA,standard_dfm,bridge,79,1000,4,-0.08154863018273406,-0.1742412460677654,0.010867876026290647,-0.07242156635838615,-0.13529523986941194,-0.01593716510774728,baseline_has_higher_error_than_model
pseudo,pre_advance,DELTA_SA,standard_dfm,indicator_revision_only_dfm_kalman_em,79,1000,4,0.07091559299961281,-0.020861768714140003,0.19869399842304378,0.027238216939292348,-0.019879376532559907,0.08361184164602897,baseline_has_higher_error_than_model
pseudo,pre_advance,DELTA_SA,standard_dfm,joint_indicator_revision_dfm_full_kalman_em,79,1000,4,0.0035529806867716784,-0.08982384205471913,0.08418811241690384,-0.04572651402378286,-0.12588631554720806,0.03295852133814097,baseline_has_higher_error_than_model
pseudo,pre_advance,DELTA_SA,standard_dfm,midas_umidas,79,1000,4,-98.82288185836777,-171.26564808456814,-5.297287465515706,-17.907351008972896,-44.72761248402175,-3.4282675388208905,baseline_has_higher_error_than_model
pseudo,pre_advance,DELTA_SA,standard_dfm,monthly_mixed_frequency_kalman_em,79,1000,4,0.0006911962166125107,-0.05311449513120567,0.06019505076854651,0.012150966849332256,-0.046379336617603406,0.06461213650630308,baseline_has_higher_error_than_model
pseudo,pre_advance,DELTA_SA,standard_dfm,no_revision,79,1000,4,0.07091559299961281,-0.023291657860387394,0.19454807740714491,0.027238216939292348,-0.020824475001738604,0.083898154288139,baseline_has_higher_error_than_model
pseudo,pre_advance,DELTA_SA,standard_dfm,release_dfm,79,1000,4,0.0,0.0,0.0,0.0,0.0,0.0,baseline_has_higher_error_than_model
pseudo,pre_advance,DELTA_SA,standard_dfm,revision_dfm_kalman_em,79,1000,4,0.011437463243188173,-0.04574043200839855,0.06820863958223478,-0.01018738272908759,-0.06197485875082777,0.03676505850001768,baseline_has_higher_error_than_model
pseudo,pre_advance,DELTA_SA,standard_dfm,spf,79,1000,4,0.07091559299961281,-0.02091413192841292,0.20590774468108164,0.027238216939292348,-0.02005979000468693,0.08490480326002348,baseline_has_higher_error_than_model
pseudo,pre_advance,DELTA_SA,release_dfm,ar,79,1000,4,-0.03756380412064153,-0.12389622346468536,0.07254198260885045,-0.0413087111470517,-0.10343013984779338,0.01386136351672913,baseline_has_higher_error_than_model
pseudo,pre_advance,DELTA_SA,release_dfm,bridge,79,1000,4,-0.08154863018273406,-0.17742750836136947,0.006655829270420204,-0.07242156635838615,-0.13999095579912815,-0.014419383259711632,baseline_has_higher_error_than_model
pseudo,pre_advance,DELTA_SA,release_dfm,indicator_revision_only_dfm_kalman_em,79,1000,4,0.07091559299961281,-0.021171440537205127,0.19780171439041067,0.027238216939292348,-0.017385662248035793,0.08492005005714671,baseline_has_higher_error_than_model
pseudo,pre_advance,DELTA_SA,release_dfm,joint_indicator_revision_dfm_full_kalman_em,79,1000,4,0.0035529806867716784,-0.10360507028351529,0.08786205800851678,-0.04572651402378286,-0.1323500144114565,0.029035004376583826,baseline_has_higher_error_than_model
pseudo,pre_advance,DELTA_SA,release_dfm,midas_umidas,79,1000,4,-98.82288185836777,-172.05105495300887,-5.467250436099414,-17.907351008972896,-46.540253301897486,-3.6028486771692254,baseline_has_higher_error_than_model
pseudo,pre_advance,DELTA_SA,release_dfm,monthly_mixed_frequency_kalman_em,79,1000,4,0.0006911962166125107,-0.05322582362340828,0.05902276914782198,0.012150966849332256,-0.045919344435411236,0.06369550084066661,baseline_has_higher_error_than_model
pseudo,pre_advance,DELTA_SA,release_dfm,no_revision,79,1000,4,0.07091559299961281,-0.017596520655863153,0.20010878649000083,0.027238216939292348,-0.018342911446328377,0.08796462005179298,baseline_has_higher_error_than_model
pseudo,pre_advance,DELTA_SA,release_dfm,revision_dfm_kalman_em,79,1000,4,0.011437463243188173,-0.05066159584330182,0.06654982273433531,-0.01018738272908759,-0.06863989390347167,0.03845511125018679,baseline_has_higher_error_than_model
pseudo,pre_advance,DELTA_SA,release_dfm,spf,79,1000,4,0.07091559299961281,-0.020855502352517107,0.19086926601061838,0.027238216939292348,-0.01916492205214767,0.07773406745762572,baseline_has_higher_error_than_model
pseudo,pre_advance,DELTA_SA,release_dfm,standard_dfm,79,1000,4,0.0,0.0,0.0,0.0,0.0,0.0,baseline_has_higher_error_than_model
pseudo,pre_second,DELTA_TS,ar,bridge,79,1000,4,-0.08442801410260131,-0.16914017278178586,-0.025063421250739484,-0.09856576043142523,-0.1589888293342239,-0.03992015902171254,baseline_has_higher_error_than_model
pseudo,pre_second,DELTA_TS,ar,indicator_revision_only_dfm_kalman_em,79,1000,4,0.04653382669626521,0.003277461231293315,0.07894809166272923,0.02198490961778618,-0.013960860288325065,0.05822235991217548,baseline_has_higher_error_than_model
pseudo,pre_second,DELTA_TS,ar,joint_indicator_revision_dfm_full_kalman_em,79,1000,4,0.045993947570964366,0.003674812475367012,0.08000174936622581,0.021128973468482554,-0.016652108701402445,0.05485200294047094,baseline_has_higher_error_than_model
pseudo,pre_second,DELTA_TS,ar,midas_umidas,79,1000,4,-6.107307291796562,-10.828331001733188,-0.6666501706640718,-1.8571492394092721,-3.984780042172039,-0.5276691079373961,baseline_has_higher_error_than_model
pseudo,pre_second,DELTA_TS,ar,monthly_mixed_frequency_kalman_em,79,1000,4,0.03138787052499009,-0.03952214872286851,0.08852897502918874,0.0018151529249695875,-0.03799151033898393,0.04852721652916759,baseline_has_higher_error_than_model
pseudo,pre_second,DELTA_TS,ar,no_revision,79,1000,4,0.04653382669626521,0.006652939150023301,0.08372955074257973,0.02198490961778618,-0.013954152048359647,0.05931244180362403,baseline_has_higher_error_than_model
pseudo,pre_second,DELTA_TS,ar,release_dfm,79,1000,4,0.04408725831955873,0.002902617809982729,0.07871854540454719,0.01758125633624133,-0.016170255331929267,0.05413966290109599,baseline_has_higher_error_than_model
pseudo,pre_second,DELTA_TS,ar,revision_dfm_kalman_em,79,1000,4,0.0462059483432547,0.004566443601224255,0.08345761276050861,0.021445541031094667,-0.015152332736632195,0.05949166120745856,baseline_has_higher_error_than_model
pseudo,pre_second,DELTA_TS,ar,spf,79,1000,4,0.04653382669626521,0.0055615145618877915,0.07917933014049017,0.02198490961778618,-0.011416257895931002,0.05541850360368103,baseline_has_higher_error_than_model
pseudo,pre_second,DELTA_TS,ar,standard_dfm,79,1000,4,0.0408070964473235,0.0003045118307640843,0.07391395599309633,0.013438898278136352,-0.021211987678353673,0.048439102955200646,baseline_has_higher_error_than_model
pseudo,pre_second,DELTA_TS,no_revision,ar,79,1000,4,-0.04653382669626521,-0.08049484472329174,-0.005689585285437167,-0.02198490961778618,-0.05726457667346044,0.014248885131235484,baseline_has_higher_error_than_model
pseudo,pre_second,DELTA_TS,no_revision,bridge,79,1000,4,-0.13096184079886652,-0.20472890499404148,-0.07895138339096214,-0.12055067004921141,-0.19013989933521863,-0.061354222616169886,baseline_has_higher_error_than_model
pseudo,pre_second,DELTA_TS,no_revision,indicator_revision_only_dfm_kalman_em,79,1000,4,0.0,0.0,0.0,0.0,0.0,0.0,baseline_has_higher_error_than_model
pseudo,pre_second,DELTA_TS,no_revision,joint_indicator_revision_dfm_full_kalman_em,79,1000,4,-0.0005398791253008461,-0.0031225437345955053,0.0011332749211122567,-0.0008559361493036266,-0.00296505723910019,0.0009822209777780079,baseline_has_higher_error_than_model
pseudo,pre_second,DELTA_TS,no_revision,midas_umidas,79,1000,4,-6.153841118492827,-10.882982908861603,-0.7506247094435283,-1.8791341490270583,-4.12822564287229,-0.5530551388087881,baseline_has_higher_error_than_model
pseudo,pre_second,DELTA_TS,no_revision,monthly_mixed_frequency_kalman_em,79,1000,4,-0.015145956171275121,-0.07163617642345503,0.019728073200399567,-0.020169756692816593,-0.0529287760882768,0.008297084297992757,baseline_has_higher_error_than_model
pseudo,pre_second,DELTA_TS,no_revision,release_dfm,79,1000,4,-0.0024465683767064816,-0.01361811616259237,0.00747710062013697,-0.00440365328154485,-0.016364011662267898,0.007439823629217223,baseline_has_higher_error_than_model
pseudo,pre_second,DELTA_TS,no_revision,revision_dfm_kalman_em,79,1000,4,-0.0003278783530105134,-0.0029079305604988496,0.0013104183696684506,-0.0005393685866915132,-0.002536139949259325,0.0013232248535227002,baseline_has_higher_error_than_model
pseudo,pre_second,DELTA_TS,no_revision,spf,79,1000,4,0.0,0.0,0.0,0.0,0.0,0.0,baseline_has_higher_error_than_model
pseudo,pre_second,DELTA_TS,no_revision,standard_dfm,79,1000,4,-0.005726730248941714,-0.024516135886684744,0.01246104745365938,-0.008546011339649828,-0.02711737719556288,0.010642066646588129,baseline_has_higher_error_than_model
pseudo,pre_second,DELTA_TS,bridge,ar,79,1000,4,0.08442801410260131,0.028690727773869287,0.1666604477558588,0.09856576043142523,0.04186420091720243,0.17022850651808372,baseline_has_higher_error_than_model
pseudo,pre_second,DELTA_TS,bridge,indicator_revision_only_dfm_kalman_em,79,1000,4,0.13096184079886652,0.07211975032046548,0.20339517996410056,0.12055067004921141,0.057628955958809375,0.18534349147724707,baseline_has_higher_error_than_model
pseudo,pre_second,DELTA_TS,bridge,joint_indicator_revision_dfm_full_kalman_em,79,1000,4,0.13042196167356568,0.07593906334603077,0.20238286167881947,0.11969473389990778,0.055216130923117036,0.1876378453123115,baseline_has_higher_error_than_model
pseudo,pre_second,DELTA_TS,bridge,midas_umidas,79,1000,4,-6.022879277693961,-10.71830975839389,-0.6038026029067768,-1.758583478977847,-4.109099245143906,-0.4503632332161247,baseline_has_higher_error_than_model
pseudo,pre_second,DELTA_TS,bridge,monthly_mixed_frequency_kalman_em,79,1000,4,0.1158158846275914,0.0522391764459917,0.17763148572073292,0.10038091335639482,0.03886088962567914,0.1633694675916517,baseline_has_higher_error_than_model
pseudo,pre_second,DELTA_TS,bridge,no_revision,79,1000,4,0.13096184079886652,0.0755331786331187,0.2067563850576484,0.12055067004921141,0.05372003601538411,0.18999369179747733,baseline_has_higher_error_than_model
pseudo,pre_second,DELTA_TS,bridge,release_dfm,79,1000,4,0.12851527242216004,0.07602213119133157,0.1979933636049382,0.11614701676766656,0.0554156576291166,0.18034258304870815,baseline_has_higher_error_than_model
pseudo,pre_second,DELTA_TS,bridge,revision_dfm_kalman_em,79,1000,4,0.130633962445856,0.0761121096317497,0.20335058656596544,0.1200113014625199,0.057096437779277434,0.19034156346174064,baseline_has_higher_error_than_model
pseudo,pre_second,DELTA_TS,bridge,spf,79,1000,4,0.13096184079886652,0.07685166490018396,0.20357969515358174,0.12055067004921141,0.05280947656578574,0.19395140997045085,baseline_has_higher_error_than_model
pseudo,pre_second,DELTA_TS,bridge,standard_dfm,79,1000,4,0.1252351105499248,0.07295702770315259,0.1923764023057328,0.11200465870956158,0.05278828321041479,0.17497119295101368,baseline_has_higher_error_than_model
pseudo,pre_second,DELTA_TS,midas_umidas,ar,79,1000,4,6.107307291796562,0.6918496406435932,10.722633177868206,1.8571492394092721,0.5218115051333067,4.07806755450731,baseline_has_higher_error_than_model
pseudo,pre_second,DELTA_TS,midas_umidas,bridge,79,1000,4,6.022879277693961,0.6472406780230573,11.186813690808103,1.758583478977847,0.46003057424508076,4.115780720444345,baseline_has_higher_error_than_model
pseudo,pre_second,DELTA_TS,midas_umidas,indicator_revision_only_dfm_kalman_em,79,1000,4,6.153841118492827,0.6969853356964202,10.833743340584535,1.8791341490270583,0.5358485920446555,4.1271972957952725,baseline_has_higher_error_than_model
pseudo,pre_second,DELTA_TS,midas_umidas,joint_indicator_revision_dfm_full_kalman_em,79,1000,4,6.153301239367526,0.697630265117613,10.664512539886395,1.8782782128777546,0.5492743342695395,3.9566396577377483,baseline_has_higher_error_than_model
pseudo,pre_second,DELTA_TS,midas_umidas,monthly_mixed_frequency_kalman_em,79,1000,4,6.138695162321552,0.7751512088696417,10.61847627622397,1.8589643923342418,0.5750170296673366,3.9040302510691305,baseline_has_higher_error_than_model
pseudo,pre_second,DELTA_TS,midas_umidas,no_revision,79,1000,4,6.153841118492827,0.7122290758375333,10.742437121208516,1.8791341490270583,0.5563104208468043,3.9901137976169645,baseline_has_higher_error_than_model
pseudo,pre_second,DELTA_TS,midas_umidas,release_dfm,79,1000,4,6.1513945501161205,0.8046020561424261,10.738183834046806,1.8747304957455135,0.5927511386371745,4.16841469975089,baseline_has_higher_error_than_model
pseudo,pre_second,DELTA_TS,midas_umidas,revision_dfm_kalman_em,79,1000,4,6.153513240139817,0.7421205701481729,10.780517660501335,1.8785947804403669,0.5543810356508372,4.054348719608653,baseline_has_higher_error_than_model
pseudo,pre_second,DELTA_TS,midas_umidas,spf,79,1000,4,6.153841118492827,0.7386490972276479,10.68989841727076,1.8791341490270583,0.5728764626805402,3.8841300684192426,baseline_has_higher_error_than_model
pseudo,pre_second,DELTA_TS,midas_umidas,standard_dfm,79,1000,4,6.148114388243886,0.7119719216613174,10.544924279616241,1.8705881376874085,0.5551890564192676,3.7437179903170366,baseline_has_higher_error_than_model
pseudo,pre_second,DELTA_TS,spf,ar,79,1000,4,-0.04653382669626521,-0.07925877311153977,-0.005055395176511261,-0.02198490961778618,-0.05598435356149681,0.016431675370451253,baseline_has_higher_error_than_model
pseudo,pre_second,DELTA_TS,spf,bridge,79,1000,4,-0.13096184079886652,-0.20337819581468025,-0.07451761619713611,-0.12055067004921141,-0.18871650860350744,-0.05477967926657266,baseline_has_higher_error_than_model
pseudo,pre_second,DELTA_TS,spf,indicator_revision_only_dfm_kalman_em,79,1000,4,0.0,0.0,0.0,0.0,0.0,0.0,baseline_has_higher_error_than_model
pseudo,pre_second,DELTA_TS,spf,joint_indicator_revision_dfm_full_kalman_em,79,1000,4,-0.0005398791253008461,-0.0031683585054034084,0.0011930949966302044,-0.0008559361493036266,-0.002824410287869318,0.000994977342206873,baseline_has_higher_error_than_model
pseudo,pre_second,DELTA_TS,spf,midas_umidas,79,1000,4,-6.153841118492827,-10.717343270976762,-0.7019671554230813,-1.8791341490270583,-3.9454627030982823,-0.5370282919817827,baseline_has_higher_error_than_model
pseudo,pre_second,DELTA_TS,spf,monthly_mixed_frequency_kalman_em,79,1000,4,-0.015145956171275121,-0.07682519132686183,0.020283039952745396,-0.020169756692816593,-0.05091325308305515,0.009840378264243835,baseline_has_higher_error_than_model
pseudo,pre_second,DELTA_TS,spf,no_revision,79,1000,4,0.0,0.0,0.0,0.0,0.0,0.0,baseline_has_higher_error_than_model
pseudo,pre_second,DELTA_TS,spf,release_dfm,79,1000,4,-0.0024465683767064816,-0.013676020473865957,0.007987651171434932,-0.00440365328154485,-0.01621858248490093,0.007602980206580623,baseline_has_higher_error_than_model
pseudo,pre_second,DELTA_TS,spf,revision_dfm_kalman_em,79,1000,4,-0.0003278783530105134,-0.002741407961410344,0.0012707144994383878,-0.0005393685866915132,-0.00258742679121672,0.0013223275974388014,baseline_has_higher_error_than_model
pseudo,pre_second,DELTA_TS,spf,standard_dfm,79,1000,4,-0.005726730248941714,-0.024230233906439254,0.01116585320615648,-0.008546011339649828,-0.027130876074433097,0.00951694595685107,baseline_has_higher_error_than_model
pseudo,pre_second,DELTA_TS,standard_dfm,ar,79,1000,4,-0.0408070964473235,-0.07575219059446141,0.00031592731349734297,-0.013438898278136352,-0.051324361295100505,0.02146101776098657,baseline_has_higher_error_than_model
pseudo,pre_second,DELTA_TS,standard_dfm,bridge,79,1000,4,-0.1252351105499248,-0.18731993028387328,-0.0766029955275902,-0.11200465870956158,-0.16698109920814352,-0.056564454012968474,baseline_has_higher_error_than_model
pseudo,pre_second,DELTA_TS,standard_dfm,indicator_revision_only_dfm_kalman_em,79,1000,4,0.005726730248941714,-0.010930024237868083,0.026643760814568655,0.008546011339649828,-0.011002974728565785,0.027789263205847462,baseline_has_higher_error_than_model
pseudo,pre_second,DELTA_TS,standard_dfm,joint_indicator_revision_dfm_full_kalman_em,79,1000,4,0.005186851123640868,-0.01101462858370829,0.022400369697889975,0.007690075190346202,-0.010241352821875506,0.025449133958429203,baseline_has_higher_error_than_model
pseudo,pre_second,DELTA_TS,standard_dfm,midas_umidas,79,1000,4,-6.148114388243886,-11.044802199032263,-0.7219822306874698,-1.8705881376874085,-4.119947716278374,-0.5375204972563796,baseline_has_higher_error_than_model
pseudo,pre_second,DELTA_TS,standard_dfm,monthly_mixed_frequency_kalman_em,79,1000,4,-0.009419225922333407,-0.062092449451408925,0.023595229696226235,-0.011623745353166764,-0.037737392176393526,0.0122083165444645,baseline_has_higher_error_than_model
pseudo,pre_second,DELTA_TS,standard_dfm,no_revision,79,1000,4,0.005726730248941714,-0.009640253415307005,0.02437062635630997,0.008546011339649828,-0.010216159952865313,0.027252999519494,baseline_has_higher_error_than_model
pseudo,pre_second,DELTA_TS,standard_dfm,release_dfm,79,1000,4,0.003280161872235232,-0.003771165070972915,0.0110541772698387,0.004142358058104978,-0.0032553410861700257,0.01173701254784074,baseline_has_higher_error_than_model
pseudo,pre_second,DELTA_TS,standard_dfm,revision_dfm_kalman_em,79,1000,4,0.0053988518959312,-0.010111175880339647,0.02333542334937617,0.008006642752958315,-0.009058987193604283,0.026584053952071116,baseline_has_higher_error_than_model
pseudo,pre_second,DELTA_TS,standard_dfm,spf,79,1000,4,0.005726730248941714,-0.010813716755059193,0.023065507862313258,0.008546011339649828,-0.009276091000436878,0.02513946489423753,baseline_has_higher_error_than_model
pseudo,pre_second,DELTA_TS,release_dfm,ar,79,1000,4,-0.04408725831955873,-0.07775226189247872,-0.005174486277538093,-0.01758125633624133,-0.05469752992375354,0.015304712287956851,baseline_has_higher_error_than_model
pseudo,pre_second,DELTA_TS,release_dfm,bridge,79,1000,4,-0.12851527242216004,-0.20267340585483354,-0.07501919105555274,-0.11614701676766656,-0.18305040123569083,-0.05916148805793602,baseline_has_higher_error_than_model
pseudo,pre_second,DELTA_TS,release_dfm,indicator_revision_only_dfm_kalman_em,79,1000,4,0.0024465683767064816,-0.008114641274121868,0.01358845938899048,0.00440365328154485,-0.0073011759141140085,0.016824967452072726,baseline_has_higher_error_than_model
pseudo,pre_second,DELTA_TS,release_dfm,joint_indicator_revision_dfm_full_kalman_em,79,1000,4,0.0019066892514056355,-0.007997530893260852,0.012361022289877982,0.0035477171322412238,-0.00679531274664399,0.014660183619182079,baseline_has_higher_error_than_model
pseudo,pre_second,DELTA_TS,release_dfm,midas_umidas,79,1000,4,-6.1513945501161205,-10.686151870414223,-0.7344221153119466,-1.8747304957455135,-3.8895152351605096,-0.5639038786761064,baseline_has_higher_error_than_model
pseudo,pre_second,DELTA_TS,release_dfm,monthly_mixed_frequency_kalman_em,79,1000,4,-0.01269938779456864,-0.0642312244174795,0.02026729928897118,-0.015766103411271742,-0.04146656178256584,0.008804225780591446,baseline_has_higher_error_than_model
pseudo,pre_second,DELTA_TS,release_dfm,no_revision,79,1000,4,0.0024465683767064816,-0.007831670505843887,0.014098917755069697,0.00440365328154485,-0.0076970465812347694,0.01630038824896905,baseline_has_higher_error_than_model
pseudo,pre_second,DELTA_TS,release_dfm,revision_dfm_kalman_em,79,1000,4,0.0021186900236959683,-0.007474150826689846,0.011698277556292418,0.003864284694853337,-0.006605500226798289,0.015062929052234313,baseline_has_higher_error_than_model
pseudo,pre_second,DELTA_TS,release_dfm,spf,79,1000,4,0.0024465683767064816,-0.007681960976748281,0.014610430624292925,0.00440365328154485,-0.007698542445283676,0.016506339264242956,baseline_has_higher_error_than_model
pseudo,pre_second,DELTA_TS,release_dfm,standard_dfm,79,1000,4,-0.003280161872235232,-0.011124060353131345,0.003832476136966644,-0.004142358058104978,-0.01195624286115074,0.002933069537442585,baseline_has_higher_error_than_model
pseudo,pre_third,DELTA_MT,ar,bridge,80,1000,4,1.0642923750581645,-0.06224169404384626,2.0377276588020714,0.27623203005312424,-0.10972687768230621,0.6873076840762954,baseline_has_higher_error_than_model
pseudo,pre_third,DELTA_MT,ar,indicator_revision_only_dfm_kalman_em,80,1000,4,1.69086769276818,0.3833173414476956,3.0194081259674626,0.7098917002683489,0.2708653964751448,1.2925706706515239,baseline_has_higher_error_than_model
pseudo,pre_third,DELTA_MT,ar,joint_indicator_revision_dfm_full_kalman_em,80,1000,4,1.6892494134494747,0.3687068787630061,2.9616547135116296,0.7082140204196137,0.25552205188185795,1.2911729390290796,baseline_has_higher_error_than_model
pseudo,pre_third,DELTA_MT,ar,midas_umidas,80,1000,4,-15.703405064353275,-27.298070957944393,-2.8856934409369934,-5.718254691494515,-11.395438552931786,-2.1319039762949283,baseline_has_higher_error_than_model
pseudo,pre_third,DELTA_MT,ar,monthly_mixed_frequency_kalman_em,80,1000,4,1.6420953948929813,0.2722727562658074,2.7450408650529816,0.6686997845966605,0.2106385245130241,1.16328756052124,baseline_has_higher_error_than_model
pseudo,pre_third,DELTA_MT,ar,no_revision,80,1000,4,1.69086769276818,0.4262480806998503,2.8781643783623725,0.7098917002683489,0.2921053014510906,1.238491724283572,baseline_has_higher_error_than_model
pseudo,pre_third,DELTA_MT,ar,release_dfm,80,1000,4,1.6440842942102833,0.33006383273395856,2.860485926109139,0.699248712234003,0.23864328389524062,1.2387261638878646,baseline_has_higher_error_than_model
pseudo,pre_third,DELTA_MT,ar,revision_dfm_kalman_em,80,1000,4,1.6891801872739265,0.37578630972392835,2.9208788349717545,0.7083873685693487,0.26979394023756503,1.22051193839397,baseline_has_higher_error_than_model
pseudo,pre_third,DELTA_MT,ar,spf,80,1000,4,1.69086769276818,0.37095826541661353,2.9818522262452154,0.7098917002683489,0.26901653384798674,1.2536823448628711,baseline_has_higher_error_than_model
pseudo,pre_third,DELTA_MT,ar,standard_dfm,80,1000,4,1.4076570619834115,0.22355542010252677,2.3594585588399926,0.5318160556748195,0.11689339062187187,1.0253247574248725,baseline_has_higher_error_than_model
pseudo,pre_third,DELTA_MT,no_revision,ar,80,1000,4,-1.69086769276818,-2.9838003105320205,-0.32898277951535043,-0.7098917002683489,-1.2689696551157916,-0.22850760975735376,baseline_has_higher_error_than_model
pseudo,pre_third,DELTA_MT,no_revision,bridge,80,1000,4,-0.6265753177100155,-1.0298393766764236,-0.2943531388214578,-0.43365967021522467,-0.7918636486445,-0.17225245012223706,baseline_has_higher_error_than_model
pseudo,pre_third,DELTA_MT,no_revision,indicator_revision_only_dfm_kalman_em,80,1000,4,0.0,0.0,0.0,0.0,0.0,0.0,baseline_has_higher_error_than_model
pseudo,pre_third,DELTA_MT,no_revision,joint_indicator_revision_dfm_full_kalman_em,80,1000,4,-0.0016182793187053957,-0.004259338462128786,0.0014525729467055213,-0.0016776798487352362,-0.0038197438171748586,0.0005375642563165693,baseline_has_higher_error_than_model
pseudo,pre_third,DELTA_MT,no_revision,midas_umidas,80,1000,4,-17.394272757121456,-30.8404401222967,-4.058445115384682,-6.428146391762864,-12.991845924851523,-2.787237910800977,baseline_has_higher_error_than_model
pseudo,pre_third,DELTA_MT,no_revision,monthly_mixed_frequency_kalman_em,80,1000,4,-0.04877229787519877,-0.08123134987058653,-0.013452676743170787,-0.04119191567168845,-0.07166523267629069,-0.013906488428837196,baseline_has_higher_error_than_model
pseudo,pre_third,DELTA_MT,no_revision,release_dfm,80,1000,4,-0.046783398557896705,-0.16455416130232786,0.07702913023146445,-0.010642988034345935,-0.11415168920899468,0.0955495254986295,baseline_has_higher_error_than_model
pseudo,pre_third,DELTA_MT,no_revision,revision_dfm_kalman_em,80,1000,4,-0.0016875054942535606,-0.003631447151247763,0.000555341107708934,-0.0015043316990002165,-0.0031438658619713233,0.00039708867495365506,baseline_has_higher_error_than_model
pseudo,pre_third,DELTA_MT,no_revision,spf,80,1000,4,0.0,0.0,0.0,0.0,0.0,0.0,baseline_has_higher_error_than_model
pseudo,pre_third,DELTA_MT,no_revision,standard_dfm,80,1000,4,-0.2832106307847686,-0.6791641594875214,-0.04342634925686264,-0.17807564459352943,-0.40444441365968026,-0.036564664877212286,baseline_has_higher_error_than_model
pseudo,pre_third,DELTA_MT,bridge,ar,80,1000,4,-1.0642923750581645,-2.057486595250746,0.12297652435926047,-0.27623203005312424,-0.7234284229979714,0.14473114458386824,baseline_has_higher_error_than_model
pseudo,pre_third,DELTA_MT,bridge,indicator_revision_only_dfm_kalman_em,80,1000,4,0.6265753177100155,0.3117191013759181,1.0844760058092038,0.43365967021522467,0.17836893729134623,0.8311863313974254,baseline_has_higher_error_than_model
pseudo,pre_third,DELTA_MT,bridge,joint_indicator_revision_dfm_full_kalman_em,80,1000,4,0.6249570383913101,0.2801810311650741,1.0688682434445438,0.43198199036648943,0.15726425572801872,0.7907382001361626,baseline_has_higher_error_than_model
pseudo,pre_third,DELTA_MT,bridge,midas_umidas,80,1000,4,-16.76769743941144,-28.887311111887897,-3.5892532183425443,-5.99448672154764,-11.582743390135628,-2.45289160872322,baseline_has_higher_error_than_model
pseudo,pre_third,DELTA_MT,bridge,monthly_mixed_frequency_kalman_em,80,1000,4,0.5778030198348167,0.2466348691113005,0.9786412791472656,0.3924677545435362,0.12197387715948374,0.7217174943325727,baseline_has_higher_error_than_model
pseudo,pre_third,DELTA_MT,bridge,no_revision,80,1000,4,0.6265753177100155,0.305966387100164,1.0345889001472137,0.43365967021522467,0.16450015348067018,0.777084384826577,baseline_has_higher_error_than_model
pseudo,pre_third,DELTA_MT,bridge,release_dfm,80,1000,4,0.5797919191521188,0.22602253893625188,0.986145575987095,0.42301668218087873,0.15331139844363723,0.7809119176790122,baseline_has_higher_error_than_model
pseudo,pre_third,DELTA_MT,bridge,revision_dfm_kalman_em,80,1000,4,0.624887812215762,0.29916744916725657,1.064947599389435,0.43215533851622445,0.1685966059073727,0.799166396609938,baseline_has_higher_error_than_model
pseudo,pre_third,DELTA_MT,bridge,spf,80,1000,4,0.6265753177100155,0.28102098768907335,1.0069370234695074,0.43365967021522467,0.16430131382228927,0.7625159410224728,baseline_has_higher_error_than_model
pseudo,pre_third,DELTA_MT,bridge,standard_dfm,80,1000,4,0.3433646869252469,0.1326200690978726,0.5658544657046841,0.25558402562169524,0.04925277924086232,0.4756370495630478,baseline_has_higher_error_than_model
pseudo,pre_third,DELTA_MT,midas_umidas,ar,80,1000,4,15.703405064353275,2.8528556831797593,27.259030727427085,5.718254691494515,2.0163690176108195,11.345879865080395,baseline_has_higher_error_than_model
pseudo,pre_third,DELTA_MT,midas_umidas,bridge,80,1000,4,16.76769743941144,3.5107933691685527,29.230653998076928,5.99448672154764,2.382882071605895,12.194041988790211,baseline_has_higher_error_than_model
pseudo,pre_third,DELTA_MT,midas_umidas,indicator_revision_only_dfm_kalman_em,80,1000,4,17.394272757121456,3.886418663411419,29.81349675479074,6.428146391762864,2.668588765259667,12.041628730528315,baseline_has_higher_error_than_model
pseudo,pre_third,DELTA_MT,midas_umidas,joint_indicator_revision_dfm_full_kalman_em,80,1000,4,17.39265447780275,3.9266330455128857,29.886172774952342,6.426468711914128,2.669019956367297,12.36285653313584,baseline_has_higher_error_than_model
pseudo,pre_third,DELTA_MT,midas_umidas,monthly_mixed_frequency_kalman_em,80,1000,4,17.345500459246256,3.9352729203958527,29.875391061238368,6.386954476091176,2.680953510733765,12.124778194481244,baseline_has_higher_error_than_model
pseudo,pre_third,DELTA_MT,midas_umidas,no_revision,80,1000,4,17.394272757121456,3.918594886860469,29.841235419063278,6.428146391762864,2.6152813166724296,12.15108187716585,baseline_has_higher_error_than_model
pseudo,pre_third,DELTA_MT,midas_umidas,release_dfm,80,1000,4,17.347489358563557,3.8539093361939165,29.789907532057082,6.417503403728518,2.687678964284037,12.11108227192522,baseline_has_higher_error_than_model
pseudo,pre_third,DELTA_MT,midas_umidas,revision_dfm_kalman_em,80,1000,4,17.392585251627203,3.9124731224967464,30.005926382597142,6.426642060063863,2.671105705685588,12.778029596331436,baseline_has_higher_error_than_model
pseudo,pre_third,DELTA_MT,midas_umidas,spf,80,1000,4,17.394272757121456,3.8331548356191845,30.04153140300879,6.428146391762864,2.5972524217210955,12.709240360172064,baseline_has_higher_error_than_model
pseudo,pre_third,DELTA_MT,midas_umidas,standard_dfm,80,1000,4,17.111062126336687,3.920170994948476,29.15113694891888,6.250070747169334,2.630334820675495,11.792328733623854,baseline_has_higher_error_than_model
pseudo,pre_third,DELTA_MT,spf,ar,80,1000,4,-1.69086769276818,-2.991221888452769,-0.369487483549247,-0.7098917002683489,-1.2606543508961638,-0.2593788581377058,baseline_has_higher_error_than_model
pseudo,pre_third,DELTA_MT,spf,bridge,80,1000,4,-0.6265753177100155,-1.0371367258372834,-0.2923757567561449,-0.43365967021522467,-0.7724736910855192,-0.17235842859160114,baseline_has_higher_error_than_model
pseudo,pre_third,DELTA_MT,spf,indicator_revision_only_dfm_kalman_em,80,1000,4,0.0,0.0,0.0,0.0,0.0,0.0,baseline_has_higher_error_than_model
pseudo,pre_third,DELTA_MT,spf,joint_indicator_revision_dfm_full_kalman_em,80,1000,4,-0.0016182793187053957,-0.004108015088676459,0.0012165804670109634,-0.0016776798487352362,-0.0037041688716400595,0.0002918246594045765,baseline_has_higher_error_than_model
pseudo,pre_third,DELTA_MT,spf,midas_umidas,80,1000,4,-17.394272757121456,-29.93968245975395,-3.8950083475465043,-6.428146391762864,-12.305525948724787,-2.635044983955069,baseline_has_higher_error_than_model
pseudo,pre_third,DELTA_MT,spf,monthly_mixed_frequency_kalman_em,80,1000,4,-0.04877229787519877,-0.08135008055338974,-0.014588824945517736,-0.04119191567168845,-0.06990879974410015,-0.014527054644911283,baseline_has_higher_error_than_model
pseudo,pre_third,DELTA_MT,spf,no_revision,80,1000,4,0.0,0.0,0.0,0.0,0.0,0.0,baseline_has_higher_error_than_model
pseudo,pre_third,DELTA_MT,spf,release_dfm,80,1000,4,-0.046783398557896705,-0.16709934856022882,0.07535626207732926,-0.010642988034345935,-0.10960086152383199,0.08910112403254031,baseline_has_higher_error_than_model
pseudo,pre_third,DELTA_MT,spf,revision_dfm_kalman_em,80,1000,4,-0.0016875054942535606,-0.0038309210542891324,0.000578345498484427,-0.0015043316990002165,-0.0034418750838944856,0.0003707281966749264,baseline_has_higher_error_than_model
pseudo,pre_third,DELTA_MT,spf,standard_dfm,80,1000,4,-0.2832106307847686,-0.623919337471537,-0.051662511009822235,-0.17807564459352943,-0.3725102988846344,-0.024401165060475797,baseline_has_higher_error_than_model
pseudo,pre_third,DELTA_MT,standard_dfm,ar,80,1000,4,-1.4076570619834115,-2.446418115306415,-0.26964792920685166,-0.5318160556748195,-1.0472092597664668,-0.13554098766577194,baseline_has_higher_error_than_model
pseudo,pre_third,DELTA_MT,standard_dfm,bridge,80,1000,4,-0.3433646869252469,-0.5598570298021763,-0.14160048288647137,-0.25558402562169524,-0.49143431400104415,-0.04685284220495298,baseline_has_higher_error_than_model
pseudo,pre_third,DELTA_MT,standard_dfm,indicator_revision_only_dfm_kalman_em,80,1000,4,0.2832106307847686,0.03939028449813016,0.651010325163039,0.17807564459352943,0.024309941190671418,0.3993363277073636,baseline_has_higher_error_than_model
pseudo,pre_third,DELTA_MT,standard_dfm,joint_indicator_revision_dfm_full_kalman_em,80,1000,4,0.2815923514660632,0.04113501073805103,0.6099020043883296,0.1763979647447942,0.021759871314188273,0.3768804878487044,baseline_has_higher_error_than_model
pseudo,pre_third,DELTA_MT,standard_dfm,midas_umidas,80,1000,4,-17.111062126336687,-29.445801774175305,-3.769072286590398,-6.250070747169334,-12.153743228074683,-2.578483613433114,baseline_has_higher_error_than_model
pseudo,pre_third,DELTA_MT,standard_dfm,monthly_mixed_frequency_kalman_em,80,1000,4,0.23443833290956984,-0.00867991469585972,0.6139882193839218,0.13688372892184097,-0.014939183345265311,0.37216714485707775,baseline_has_higher_error_than_model
pseudo,pre_third,DELTA_MT,standard_dfm,no_revision,80,1000,4,0.2832106307847686,0.04515101737173781,0.6338132426227242,0.17807564459352943,0.0322079838097288,0.37283132520090156,baseline_has_higher_error_than_model
pseudo,pre_third,DELTA_MT,standard_dfm,release_dfm,80,1000,4,0.2364272322268719,0.006264298532188136,0.567203182261269,0.1674326565591835,0.04194792785741627,0.3338002846822318,baseline_has_higher_error_than_model
pseudo,pre_third,DELTA_MT,standard_dfm,revision_dfm_kalman_em,80,1000,4,0.28152312529051504,0.04148337741555922,0.6611032915047554,0.1765713128945292,0.024152702958803358,0.40420590551329144,baseline_has_higher_error_than_model
pseudo,pre_third,DELTA_MT,standard_dfm,spf,80,1000,4,0.2832106307847686,0.03884838364503851,0.6465759457678065,0.17807564459352943,0.0263894021730759,0.3894713845186914,baseline_has_higher_error_than_model
pseudo,pre_third,DELTA_MT,release_dfm,ar,80,1000,4,-1.6440842942102833,-2.934580365939333,-0.31274190903583543,-0.699248712234003,-1.2594430507795118,-0.22963030155753572,baseline_has_higher_error_than_model
pseudo,pre_third,DELTA_MT,release_dfm,bridge,80,1000,4,-0.5797919191521188,-0.9746591502678099,-0.21222001260593515,-0.42301668218087873,-0.745908337002756,-0.13457390891154897,baseline_has_higher_error_than_model
pseudo,pre_third,DELTA_MT,release_dfm,indicator_revision_only_dfm_kalman_em,80,1000,4,0.046783398557896705,-0.0646525914263554,0.1595619565757213,0.010642988034345935,-0.09419637724004297,0.11138042756735249,baseline_has_higher_error_than_model
pseudo,pre_third,DELTA_MT,release_dfm,joint_indicator_revision_dfm_full_kalman_em,80,1000,4,0.04516511923919131,-0.06914124244808847,0.15747346058749767,0.008965308185610699,-0.09281258378779886,0.109968104607607,baseline_has_higher_error_than_model
pseudo,pre_third,DELTA_MT,release_dfm,midas_umidas,80,1000,4,-17.347489358563557,-30.646644189690218,-3.762579692354045,-6.417503403728518,-12.765457142288495,-2.5505775974031497,baseline_has_higher_error_than_model
pseudo,pre_third,DELTA_MT,release_dfm,monthly_mixed_frequency_kalman_em,80,1000,4,-0.001988899317302062,-0.1275622520876304,0.13138980873126455,-0.030548927637342516,-0.13166781721596213,0.0753273730019032,baseline_has_higher_error_than_model
pseudo,pre_third,DELTA_MT,release_dfm,no_revision,80,1000,4,0.046783398557896705,-0.06702266623732978,0.1671208570708659,0.010642988034345935,-0.09674186708846706,0.11168379936768633,baseline_has_higher_error_than_model
pseudo,pre_third,DELTA_MT,release_dfm,revision_dfm_kalman_em,80,1000,4,0.045095893063643144,-0.06891519280694393,0.16135942158652786,0.009138656335345718,-0.09687126981873977,0.11934284471663581,baseline_has_higher_error_than_model
pseudo,pre_third,DELTA_MT,release_dfm,spf,80,1000,4,0.046783398557896705,-0.06454190669317181,0.15657281406938073,0.010642988034345935,-0.08931822135455096,0.10877403909224857,baseline_has_higher_error_than_model
pseudo,pre_third,DELTA_MT,release_dfm,standard_dfm,80,1000,4,-0.2364272322268719,-0.5452756189067104,0.0036944715326217214,-0.1674326565591835,-0.3253017056000885,-0.0361042211608339,baseline_has_higher_error_than_model
