subsample,model_id,timing_mode,checkpoint_id,revision_target_id,n_forecasts,RMSE,MAE,bias,sign_accuracy,convergence_rate,mean_iterations,mean_llf_relative_last_improvement,median_llf_relative_last_improvement,max_llf_relative_last_improvement,relative_RMSFE,DM_test_vs_ar_normal_approx
full_sample,ar,exact,pre_advance,DELTA_SA,79,0.6781421206748106,0.46824945973191356,0.08303638739458122,0.5316455696202531,1.0,0.0,,,,1.0,1.0
full_sample,ar,exact,pre_second,DELTA_TS,79,0.40791620019200964,0.25997098556715326,0.01637946087350748,0.6075949367088608,1.0,0.0,,,,1.0,1.0
full_sample,ar,exact,pre_third,DELTA_MT,80,3.029600437848392,1.7654017002683489,0.3284006384956068,0.4625,1.0,0.0,,,,1.0,1.0
full_sample,ar,pseudo,pre_advance,DELTA_SA,79,0.6781421206748106,0.46824945973191356,0.08303638739458122,0.5316455696202531,1.0,0.0,,,,1.0,1.0
full_sample,ar,pseudo,pre_second,DELTA_TS,79,0.40791620019200964,0.25997098556715326,0.01637946087350748,0.6075949367088608,1.0,0.0,,,,1.0,1.0
full_sample,ar,pseudo,pre_third,DELTA_MT,80,3.029600437848392,1.7654017002683489,0.3284006384956068,0.4625,1.0,0.0,,,,1.0,1.0
full_sample,bridge,exact,pre_advance,DELTA_SA,79,0.7182954588874341,0.4981139843812444,-8.351340754934124e-05,0.5316455696202531,1.0,0.0,,,,1.0592108010820318,0.2977036717586116
full_sample,bridge,exact,pre_second,DELTA_TS,79,0.4916791866250378,0.35909573516181387,0.01926729786961578,0.620253164556962,1.0,0.0,,,,1.2053436132068307,0.007425739835534685
full_sample,bridge,exact,pre_third,DELTA_MT,80,1.9681597928674712,1.4938949101809555,-0.08883299363493793,0.475,1.0,0.0,,,,0.6496433550376858,0.12007730412199549
full_sample,bridge,pseudo,pre_advance,DELTA_SA,79,0.7221269467369031,0.499362314943248,0.0016771364521281748,0.5316455696202531,1.0,0.0,,,,1.0648607787676185,0.28600048405894
full_sample,bridge,pseudo,pre_second,DELTA_TS,79,0.49234421429461095,0.3585367459985785,0.019173572905523448,0.6329113924050633,1.0,0.0,,,,1.2069739178362133,0.007147681856845102
full_sample,bridge,pseudo,pre_third,DELTA_MT,80,1.9653080627902275,1.4891696702152246,-0.08570893499348915,0.4625,1.0,0.0,,,,0.648702065869115,0.11883678227538959
full_sample,indicator_revision_only_dfm_kalman_em,exact,pre_advance,DELTA_SA,79,0.5696627235545563,0.3997025316455695,-0.0657987341772152,0.0,1.0,31.835443037974684,8.965784304486493e-05,9.299720613540878e-05,9.97206468054178e-05,0.8400344207902793,0.10783312359746103
full_sample,indicator_revision_only_dfm_kalman_em,exact,pre_second,DELTA_TS,79,0.3613823734957444,0.23798607594936708,-0.05443417721518987,0.0,1.0,31.79746835443038,9.084556336263846e-05,9.52768013226707e-05,9.99983204012276e-05,0.8859230727429768,0.08592575655565253
full_sample,indicator_revision_only_dfm_kalman_em,exact,pre_third,DELTA_MT,80,1.338732745080212,1.05551,-0.03200500000000002,0.0,1.0,31.0375,9.137439057453915e-05,9.415508092185084e-05,9.993742233697156e-05,0.4418842591767559,0.06177277974584333
full_sample,indicator_revision_only_dfm_kalman_em,pseudo,pre_advance,DELTA_SA,79,0.5696627235545563,0.3997025316455695,-0.0657987341772152,0.0,1.0,31.962025316455698,8.977864824561511e-05,9.329888069006936e-05,9.956915878948218e-05,0.8400344207902793,0.10783312359746103
full_sample,indicator_revision_only_dfm_kalman_em,pseudo,pre_second,DELTA_TS,79,0.3613823734957444,0.23798607594936708,-0.05443417721518987,0.0,1.0,31.835443037974684,9.137192044072463e-05,9.53924728726445e-05,9.970365797866456e-05,0.8859230727429768,0.08592575655565253
full_sample,indicator_revision_only_dfm_kalman_em,pseudo,pre_third,DELTA_MT,80,1.338732745080212,1.05551,-0.03200500000000002,0.0,1.0,31.025,9.194657881840665e-05,9.419725799083065e-05,9.993993630683884e-05,0.4418842591767559,0.06177277974584333
full_sample,joint_indicator_revision_dfm_full_kalman_em,exact,pre_advance,DELTA_SA,79,0.6360147970700665,0.46892272027934395,0.07521374149918332,0.620253164556962,1.0,32.10126582278481,9.137126663875595e-05,9.334102970263788e-05,9.968050670793468e-05,0.9378783262086363,0.37990268485465883
full_sample,joint_indicator_revision_dfm_full_kalman_em,exact,pre_second,DELTA_TS,79,0.3619085698634091,0.2388370814464946,-0.05072567484522049,0.5189873417721519,1.0,32.620253164556964,9.161855524730323e-05,9.353237719235452e-05,9.987919939944776e-05,0.8872130346700023,0.09453161125039651
full_sample,joint_indicator_revision_dfm_full_kalman_em,exact,pre_third,DELTA_MT,80,1.3403512690962882,1.0571877281709239,-0.030494419689513476,0.4125,1.0,32.4125,9.333707199399885e-05,9.352230899175081e-05,9.983936563574948e-05,0.4424184959678047,0.062036060791047815
full_sample,joint_indicator_revision_dfm_full_kalman_em,pseudo,pre_advance,DELTA_SA,79,0.6370253358673974,0.4726672626086447,0.07691502960596083,0.6075949367088608,1.0,32.177215189873415,9.150739076363077e-05,9.34947160591707e-05,9.957269643828444e-05,0.9393684840480069,0.39078110438920566
full_sample,joint_indicator_revision_dfm_full_kalman_em,pseudo,pre_second,DELTA_TS,79,0.36192225262104527,0.2388420120986707,-0.05071861317245328,0.5189873417721519,1.0,32.36708860759494,9.176490470812069e-05,9.360424446168236e-05,9.975865628429816e-05,0.887246577730145,0.09462448250086154
full_sample,joint_indicator_revision_dfm_full_kalman_em,pseudo,pre_third,DELTA_MT,80,1.3403510243989174,1.0571876798487352,-0.030491425005890617,0.4125,1.0,32.4125,9.39173386731411e-05,9.420912353946584e-05,9.985117017868256e-05,0.44241841519894565,0.062036140333695755
full_sample,midas_umidas,exact,pre_advance,DELTA_SA,79,12.007476777973208,3.5806499515234633,-1.1957002869517364,0.5443037974683544,1.0,0.0,,,,17.706431162283092,0.21394065217779756
full_sample,midas_umidas,exact,pre_second,DELTA_TS,79,0.9052676169481629,0.6824995306264211,0.08161192485215826,0.4810126582278481,1.0,0.0,,,,2.219248994087623,0.0030312183523117874
full_sample,midas_umidas,exact,pre_third,DELTA_MT,80,6.253716959193983,3.5749797903321765,0.5414750969797186,0.5125,1.0,0.0,,,,2.06420519388205,0.09039911151082468
full_sample,midas_umidas,pseudo,pre_advance,DELTA_SA,79,12.03842058704535,3.594537636516064,-1.216029145373887,0.569620253164557,1.0,0.0,,,,17.75206143376859,0.21174428799144632
full_sample,midas_umidas,pseudo,pre_second,DELTA_TS,79,0.9040014966622799,0.6822358856559815,0.08462348326254725,0.4810126582278481,1.0,0.0,,,,2.2161451205829987,0.002968811481609824
full_sample,midas_umidas,pseudo,pre_third,DELTA_MT,80,7.715210272920576,4.009421602066829,1.0551912138858137,0.5125,1.0,0.0,,,,2.546609835586069,0.16512750290957232
full_sample,monthly_mixed_frequency_kalman_em,exact,pre_advance,DELTA_SA,79,0.6404863203599449,0.41586197399312264,0.04013194105436111,0.6582278481012658,1.0,41.70886075949367,9.426032789679389e-05,9.56543026950009e-05,9.992598888191642e-05,0.9444721111300461,0.4324495179238049
full_sample,monthly_mixed_frequency_kalman_em,exact,pre_second,DELTA_TS,79,0.3778233980457066,0.26045162537649363,0.0046590529974368305,0.5569620253164557,1.0,42.77215189873418,9.433169402167517e-05,9.556488853305474e-05,9.996191110796264e-05,0.9262279798347354,0.4475549243171982
full_sample,monthly_mixed_frequency_kalman_em,exact,pre_third,DELTA_MT,80,1.3870551593528162,1.0961304186237821,0.006041307829461268,0.3875,1.0,42.5875,9.440200810998586e-05,9.586332521913838e-05,9.999501178685108e-05,0.4578343540040865,0.06766643365459028
full_sample,monthly_mixed_frequency_kalman_em,pseudo,pre_advance,DELTA_SA,79,0.6398871203375566,0.4147897817355296,0.04038831185949555,0.6582278481012658,1.0,41.29113924050633,9.433453780326948e-05,9.58365013136614e-05,9.994961427105884e-05,0.9435885205018869,0.4247708590090115
full_sample,monthly_mixed_frequency_kalman_em,pseudo,pre_second,DELTA_TS,79,0.37652832966701955,0.25815583264218367,0.0036636124747744395,0.5569620253164557,1.0,42.43037974683544,9.398318303052141e-05,9.545835475240666e-05,9.989107893503528e-05,0.9230531405464761,0.4266378667444755
full_sample,monthly_mixed_frequency_kalman_em,pseudo,pre_third,DELTA_MT,80,1.3875050429554108,1.0967019156716884,0.005019189551578635,0.3875,1.0,42.9875,9.419491495494369e-05,9.565707395391208e-05,9.9961624933226e-05,0.45798285002256284,0.06769972797580434
full_sample,no_revision,exact,pre_advance,DELTA_SA,79,0.5696627235545563,0.3997025316455695,-0.0657987341772152,0.0,1.0,0.0,,,,0.8400344207902793,0.10783312359746103
full_sample,no_revision,exact,pre_second,DELTA_TS,79,0.3613823734957444,0.23798607594936708,-0.05443417721518987,0.0,1.0,0.0,,,,0.8859230727429768,0.08592575655565253
full_sample,no_revision,exact,pre_third,DELTA_MT,80,1.338732745080212,1.05551,-0.03200500000000002,0.0,1.0,0.0,,,,0.4418842591767559,0.06177277974584333
full_sample,no_revision,pseudo,pre_advance,DELTA_SA,79,0.5696627235545563,0.3997025316455695,-0.0657987341772152,0.0,1.0,0.0,,,,0.8400344207902793,0.10783312359746103
full_sample,no_revision,pseudo,pre_second,DELTA_TS,79,0.3613823734957444,0.23798607594936708,-0.05443417721518987,0.0,1.0,0.0,,,,0.8859230727429768,0.08592575655565253
full_sample,no_revision,pseudo,pre_third,DELTA_MT,80,1.338732745080212,1.05551,-0.03200500000000002,0.0,1.0,0.0,,,,0.4418842591767559,0.06177277974584333
full_sample,release_dfm,exact,pre_advance,DELTA_SA,79,0.6416466896223116,0.4275288832410044,-0.008320378652386348,0.5949367088607594,1.0,0.0,,,,0.9461832115424672,0.41459771738579526
full_sample,release_dfm,exact,pre_second,DELTA_TS,79,0.36379196310695533,0.2423442573273785,-0.020824138717578208,0.5822784810126582,1.0,0.0,,,,0.8918301428962991,0.10151136542361569
full_sample,release_dfm,exact,pre_third,DELTA_MT,80,1.3863112684082792,1.0670112467029451,0.41176470475757093,0.525,1.0,0.0,,,,0.45758881306236904,0.0645439693712576
full_sample,release_dfm,pseudo,pre_advance,DELTA_SA,79,0.6405783165541691,0.42694074858486186,-0.007591496798546787,0.5949367088607594,1.0,0.0,,,,0.9446077702956096,0.39997645094017836
full_sample,release_dfm,pseudo,pre_second,DELTA_TS,79,0.3638289418724509,0.24238972923091193,-0.02081501790262917,0.5822784810126582,1.0,0.0,,,,0.8919207957447964,0.10183425680423092
full_sample,release_dfm,pseudo,pre_third,DELTA_MT,80,1.3855161436381087,1.0661529880343459,0.41242905096468857,0.525,1.0,0.0,,,,0.4573263610372646,0.06444766665313034
full_sample,revision_dfm_kalman_em,exact,pre_advance,DELTA_SA,79,0.6292183585954473,0.4372406999515761,0.07402793243188226,0.6582278481012658,1.0,24.620253164556964,9.378421861895762e-05,9.3004333580743e-05,9.994443166854442e-05,0.9278561814879159,0.28209444281730145
full_sample,revision_dfm_kalman_em,exact,pre_second,DELTA_TS,79,0.36170934439239427,0.23855767928422453,-0.05073637726746173,0.569620253164557,1.0,24.810126582278482,9.390002703978234e-05,9.366961233923149e-05,9.986560587699332e-05,0.8867246366340307,0.0922548880220572
full_sample,revision_dfm_kalman_em,exact,pre_third,DELTA_MT,80,1.3404209621247687,1.0570151829057737,-0.030245338780872523,0.4625,1.0,24.5375,9.293437404106016e-05,9.321138048461089e-05,9.965469672055152e-05,0.44244150000081506,0.06200610004276173
full_sample,revision_dfm_kalman_em,pseudo,pre_advance,DELTA_SA,79,0.6291408533109809,0.43712813131394945,0.07446478126435338,0.6582278481012658,1.0,24.620253164556964,9.37376880052621e-05,9.30150230431688e-05,9.994443166854442e-05,0.927741890866373,0.280902074118826
full_sample,revision_dfm_kalman_em,pseudo,pre_second,DELTA_TS,79,0.36171025184875494,0.2385254445360586,-0.050769054535008226,0.569620253164557,1.0,24.82278481012658,9.368912936335994e-05,9.36398934987327e-05,9.986307102550884e-05,0.8867268612486948,0.09226680009110307
full_sample,revision_dfm_kalman_em,pseudo,pre_third,DELTA_MT,80,1.3404202505744656,1.0570143316990002,-0.030252431965486482,0.4625,1.0,24.55,9.29792498806757e-05,9.321137515550146e-05,9.965571978829782e-05,0.44244126513476006,0.062006055044885273
full_sample,spf,exact,pre_advance,DELTA_SA,79,0.5696627235545563,0.3997025316455695,-0.0657987341772152,0.0,1.0,0.0,,,,0.8400344207902793,0.10783312359746103
full_sample,spf,exact,pre_second,DELTA_TS,79,0.3613823734957444,0.23798607594936708,-0.05443417721518987,0.0,1.0,0.0,,,,0.8859230727429768,0.08592575655565253
full_sample,spf,exact,pre_third,DELTA_MT,80,1.338732745080212,1.05551,-0.03200500000000002,0.0,1.0,0.0,,,,0.4418842591767559,0.06177277974584333
full_sample,spf,pseudo,pre_advance,DELTA_SA,79,0.5696627235545563,0.3997025316455695,-0.0657987341772152,0.0,1.0,0.0,,,,0.8400344207902793,0.10783312359746103
full_sample,spf,pseudo,pre_second,DELTA_TS,79,0.3613823734957444,0.23798607594936708,-0.05443417721518987,0.0,1.0,0.0,,,,0.8859230727429768,0.08592575655565253
full_sample,spf,pseudo,pre_third,DELTA_MT,80,1.338732745080212,1.05551,-0.03200500000000002,0.0,1.0,0.0,,,,0.4418842591767559,0.06177277974584333
full_sample,standard_dfm,exact,pre_advance,DELTA_SA,79,0.6416466896223116,0.4275288832410044,-0.008320378652386348,0.5949367088607594,1.0,0.0,,,,0.9461832115424672,0.41459771738579526
full_sample,standard_dfm,exact,pre_second,DELTA_TS,79,0.3671373475049815,0.24650353001034275,0.002241302448894593,0.5822784810126582,1.0,0.0,,,,0.9000312989093515,0.1329416583523452
full_sample,standard_dfm,exact,pre_third,DELTA_MT,80,1.624228257791057,1.2353701363396288,0.1520240790894632,0.45,1.0,0.0,,,,0.536119627360688,0.06375552669092185
full_sample,standard_dfm,pseudo,pre_advance,DELTA_SA,79,0.6405783165541691,0.42694074858486186,-0.007591496798546787,0.5949367088607594,1.0,0.0,,,,0.9446077702956096,0.39997645094017836
full_sample,standard_dfm,pseudo,pre_second,DELTA_TS,79,0.36710910374468614,0.2465320872890169,0.002236135468587002,0.5822784810126582,1.0,0.0,,,,0.8999620597855265,0.13258139742534072
full_sample,standard_dfm,pseudo,pre_third,DELTA_MT,80,1.6219433758649806,1.2335856445935294,0.15165276672684927,0.45,1.0,0.0,,,,0.5353654414629267,0.06348061383133172
exclude_pandemic,ar,exact,pre_advance,DELTA_SA,77,0.6112853443552796,0.4343518097205975,0.06450799861152849,0.5324675324675324,1.0,0.0,,,,1.0,1.0
exclude_pandemic,ar,exact,pre_second,DELTA_TS,77,0.40531560181673026,0.25638850266146523,0.009034491288545497,0.5974025974025974,1.0,0.0,,,,1.0,1.0
exclude_pandemic,ar,exact,pre_third,DELTA_MT,78,2.342995496965068,1.586285044193774,0.11243780134993582,0.44871794871794873,1.0,0.0,,,,1.0,1.0
exclude_pandemic,ar,pseudo,pre_advance,DELTA_SA,77,0.6112853443552796,0.4343518097205975,0.06450799861152849,0.5324675324675324,1.0,0.0,,,,1.0,1.0
exclude_pandemic,ar,pseudo,pre_second,DELTA_TS,77,0.40531560181673026,0.25638850266146523,0.009034491288545497,0.5974025974025974,1.0,0.0,,,,1.0,1.0
exclude_pandemic,ar,pseudo,pre_third,DELTA_MT,78,2.342995496965068,1.586285044193774,0.11243780134993582,0.44871794871794873,1.0,0.0,,,,1.0,1.0
exclude_pandemic,bridge,exact,pre_advance,DELTA_SA,77,0.6398644207963774,0.4553471550643213,-0.0035289425147350694,0.5454545454545454,1.0,0.0,,,,1.0467524319125303,0.47470783801388544
exclude_pandemic,bridge,exact,pre_second,DELTA_TS,77,0.49173886618108775,0.3581687101227127,0.012256235054566338,0.6103896103896104,1.0,0.0,,,,1.2132246179939432,0.007123875771569699
exclude_pandemic,bridge,exact,pre_third,DELTA_MT,78,1.8188933226097863,1.4021460550185725,-0.102386224216545,0.47435897435897434,1.0,0.0,,,,0.7763110620425168,0.3439213277693039
exclude_pandemic,bridge,pseudo,pre_advance,DELTA_SA,77,0.6459173190553972,0.4571498559605344,-0.0021079141861950826,0.5454545454545454,1.0,0.0,,,,1.0566543513923825,0.4303291126947531
exclude_pandemic,bridge,pseudo,pre_second,DELTA_TS,77,0.4918469234986771,0.35736623792113514,0.011525848561251594,0.6233766233766234,1.0,0.0,,,,1.213491218433465,0.007241198267212409
exclude_pandemic,bridge,pseudo,pre_third,DELTA_MT,78,1.8153651548079333,1.3971802437549306,-0.0993014728061564,0.46153846153846156,1.0,0.0,,,,0.7748052256862697,0.34122565368921504
exclude_pandemic,indicator_revision_only_dfm_kalman_em,exact,pre_advance,DELTA_SA,77,0.5605800485026388,0.39431818181818185,-0.05211298701298704,0.0,1.0,31.68831168831169,8.961254882722422e-05,9.299720613540878e-05,9.97206468054178e-05,0.9170513470985968,0.09684278494929507
exclude_pandemic,indicator_revision_only_dfm_kalman_em,exact,pre_second,DELTA_TS,77,0.36172345611156964,0.2351532467532467,-0.04683376623376622,0.0,1.0,31.584415584415584,9.098124321076703e-05,9.530757499999448e-05,9.99983204012276e-05,0.8924488830191356,0.1172582024516386
exclude_pandemic,indicator_revision_only_dfm_kalman_em,exact,pre_third,DELTA_MT,78,1.2898514041328908,1.0207653846153844,0.028983333333333274,0.0,1.0,30.833333333333332,9.164016242781005e-05,9.420951070657529e-05,9.993742233697156e-05,0.5505138212188896,0.08108705063546676
exclude_pandemic,indicator_revision_only_dfm_kalman_em,pseudo,pre_advance,DELTA_SA,77,0.5605800485026388,0.39431818181818185,-0.05211298701298704,0.0,1.0,31.805194805194805,8.980906273092251e-05,9.329888069006936e-05,9.956915878948218e-05,0.9170513470985968,0.09684278494929507
exclude_pandemic,indicator_revision_only_dfm_kalman_em,pseudo,pre_second,DELTA_TS,77,0.36172345611156964,0.2351532467532467,-0.04683376623376622,0.0,1.0,31.623376623376622,9.129732025017831e-05,9.53924728726445e-05,9.970365797866456e-05,0.8924488830191356,0.1172582024516386
exclude_pandemic,indicator_revision_only_dfm_kalman_em,pseudo,pre_third,DELTA_MT,78,1.2898514041328908,1.0207653846153844,0.028983333333333274,0.0,1.0,30.82051282051282,9.222791139925008e-05,9.42745521502832e-05,9.993993630683884e-05,0.5505138212188896,0.08108705063546676
exclude_pandemic,joint_indicator_revision_dfm_full_kalman_em,exact,pre_advance,DELTA_SA,77,0.5878393016425709,0.4387018264833253,0.07971861309609024,0.6363636363636364,1.0,31.935064935064936,9.141871548990496e-05,9.334102970263788e-05,9.968050670793468e-05,0.9616446837320514,0.647580227642911
exclude_pandemic,joint_indicator_revision_dfm_full_kalman_em,exact,pre_second,DELTA_TS,77,0.36250132341119906,0.23625367732203956,-0.04325626015969336,0.5194805194805194,1.0,32.38961038961039,9.164789847418722e-05,9.353237719235452e-05,9.987919939944776e-05,0.8943680474829332,0.12955104457753291
exclude_pandemic,joint_indicator_revision_dfm_full_kalman_em,exact,pre_third,DELTA_MT,78,1.2922457215483245,1.0227611031899595,0.030257674739692042,0.3974358974358974,1.0,32.217948717948715,9.338404806308404e-05,9.352230899175081e-05,9.983936563574948e-05,0.5515357256222635,0.08166976375928409
exclude_pandemic,joint_indicator_revision_dfm_full_kalman_em,pseudo,pre_advance,DELTA_SA,77,0.5882936565084114,0.4423111215315017,0.08158493927565699,0.6233766233766234,1.0,32.0,9.162594250228751e-05,9.34947160591707e-05,9.957269643828444e-05,0.9623879615973495,0.6543201089943743
exclude_pandemic,joint_indicator_revision_dfm_full_kalman_em,pseudo,pre_second,DELTA_TS,77,0.3625198909724895,0.2362636000329528,-0.04325387905670378,0.5194805194805194,1.0,32.116883116883116,9.179986090312625e-05,9.360424446168236e-05,9.974067943523704e-05,0.8944138576151048,0.12969904319063819
exclude_pandemic,joint_indicator_revision_dfm_full_kalman_em,pseudo,pre_third,DELTA_MT,78,1.2922454583959668,1.0227610510308993,0.030260748807915627,0.3974358974358974,1.0,32.217948717948715,9.397991303206555e-05,9.420912353946584e-05,9.985117017868256e-05,0.5515356133077678,0.08167011735907076
exclude_pandemic,midas_umidas,exact,pre_advance,DELTA_SA,77,11.526992593764508,3.2178683356350097,-1.6548263640355698,0.5324675324675324,1.0,0.0,,,,18.856975224756916,0.2632041144359738
exclude_pandemic,midas_umidas,exact,pre_second,DELTA_TS,77,0.7937678363166843,0.6287160453126035,0.15524246095762725,0.4935064935064935,1.0,0.0,,,,1.958394477683094,0.00195731216015503
exclude_pandemic,midas_umidas,exact,pre_third,DELTA_MT,78,6.053675334193072,3.443649832314642,0.7783551803129416,0.5128205128205128,1.0,0.0,,,,2.58373323467097,0.08207531662824628
exclude_pandemic,midas_umidas,pseudo,pre_advance,DELTA_SA,77,11.531122176323947,3.220870597053026,-1.6837566574169462,0.5584415584415584,1.0,0.0,,,,18.863730797416352,0.26284358003886693
exclude_pandemic,midas_umidas,pseudo,pre_second,DELTA_TS,77,0.7938114946571172,0.6289600482740394,0.15781774581120434,0.4935064935064935,1.0,0.0,,,,1.9585021921165802,0.002103012296233748
exclude_pandemic,midas_umidas,pseudo,pre_third,DELTA_MT,78,7.588533628336742,3.8891752060058784,1.305299477022473,0.5128205128205128,1.0,0.0,,,,3.2388169922504466,0.1596272529587724
exclude_pandemic,monthly_mixed_frequency_kalman_em,exact,pre_advance,DELTA_SA,77,0.5503861803954444,0.37507643465278767,0.06123618657362511,0.6753246753246753,1.0,42.01298701298701,9.424276869942151e-05,9.56543026950009e-05,9.992598888191642e-05,0.9003752265252404,0.04383726034898228
exclude_pandemic,monthly_mixed_frequency_kalman_em,exact,pre_second,DELTA_TS,77,0.3616435861906947,0.2515201973451969,0.017456584677147474,0.5584415584415584,1.0,43.01298701298701,9.43289038816294e-05,9.556488853305474e-05,9.996191110796264e-05,0.8922518268966548,0.24905006996657392
exclude_pandemic,monthly_mixed_frequency_kalman_em,exact,pre_third,DELTA_MT,78,1.3426857126504979,1.0657153883027624,0.06471715164928257,0.38461538461538464,1.0,42.87179487179487,9.440122795548577e-05,9.593078983716885e-05,9.999501178685108e-05,0.5730637188119684,0.09491569017609339
exclude_pandemic,monthly_mixed_frequency_kalman_em,pseudo,pre_advance,DELTA_SA,77,0.5497801744288011,0.3740005058834565,0.061483245355164744,0.6753246753246753,1.0,41.58441558441559,9.431044128102906e-05,9.58365013136614e-05,9.994961427105884e-05,0.8993838630446019,0.042007736071952406
exclude_pandemic,monthly_mixed_frequency_kalman_em,pseudo,pre_second,DELTA_TS,77,0.36025778857443824,0.24916894775673779,0.016438506514561517,0.5584415584415584,1.0,42.66233766233766,9.396924715756832e-05,9.545835475240666e-05,9.989107893503528e-05,0.8888327687354468,0.2339018578404465
exclude_pandemic,monthly_mixed_frequency_kalman_em,pseudo,pre_third,DELTA_MT,78,1.3431619424245083,1.0663010061379323,0.06366935819362371,0.38461538461538464,1.0,43.282051282051285,9.418748843650646e-05,9.566622545471821e-05,9.9961624933226e-05,0.573266975614906,0.09501118330390378
exclude_pandemic,no_revision,exact,pre_advance,DELTA_SA,77,0.5605800485026388,0.39431818181818185,-0.05211298701298704,0.0,1.0,0.0,,,,0.9170513470985968,0.09684278494929507
exclude_pandemic,no_revision,exact,pre_second,DELTA_TS,77,0.36172345611156964,0.2351532467532467,-0.04683376623376622,0.0,1.0,0.0,,,,0.8924488830191356,0.1172582024516386
exclude_pandemic,no_revision,exact,pre_third,DELTA_MT,78,1.2898514041328908,1.0207653846153844,0.028983333333333274,0.0,1.0,0.0,,,,0.5505138212188896,0.08108705063546676
exclude_pandemic,no_revision,pseudo,pre_advance,DELTA_SA,77,0.5605800485026388,0.39431818181818185,-0.05211298701298704,0.0,1.0,0.0,,,,0.9170513470985968,0.09684278494929507
exclude_pandemic,no_revision,pseudo,pre_second,DELTA_TS,77,0.36172345611156964,0.2351532467532467,-0.04683376623376622,0.0,1.0,0.0,,,,0.8924488830191356,0.1172582024516386
exclude_pandemic,no_revision,pseudo,pre_third,DELTA_MT,78,1.2898514041328908,1.0207653846153844,0.028983333333333274,0.0,1.0,0.0,,,,0.5505138212188896,0.08108705063546676
exclude_pandemic,release_dfm,exact,pre_advance,DELTA_SA,77,0.5721768290649004,0.40180287781236323,0.024802692539620523,0.6103896103896104,1.0,0.0,,,,0.9360224882675262,0.08429124387380883
exclude_pandemic,release_dfm,exact,pre_second,DELTA_TS,77,0.36250412810325744,0.23809042526779842,-0.010816537343457801,0.5844155844155844,1.0,0.0,,,,0.894374967256181,0.1213186612772169
exclude_pandemic,release_dfm,exact,pre_third,DELTA_MT,78,1.3329865170198063,1.026409515984748,0.4902837675644995,0.5256410256410257,1.0,0.0,,,,0.5689240626994171,0.09356359383593493
exclude_pandemic,release_dfm,pseudo,pre_advance,DELTA_SA,77,0.5718541100447838,0.40138524099768697,0.025350947968246086,0.6103896103896104,1.0,0.0,,,,0.9354945531172782,0.08293987029079912
exclude_pandemic,release_dfm,pseudo,pre_second,DELTA_TS,77,0.3625366745191803,0.23813126959631828,-0.010801370960807449,0.5844155844155844,1.0,0.0,,,,0.8944552662029203,0.12164631331880778
exclude_pandemic,release_dfm,pseudo,pre_third,DELTA_MT,78,1.3320577056187637,1.0254976039355417,0.49099679503782684,0.5256410256410257,1.0,0.0,,,,0.5685276422187778,0.09336531935741373
exclude_pandemic,revision_dfm_kalman_em,exact,pre_advance,DELTA_SA,77,0.5730251542996614,0.40592371482217754,0.09012095219824164,0.6753246753246753,1.0,24.51948051948052,9.383056573084086e-05,9.30150126945095e-05,9.994443166854442e-05,0.9374102611670314,0.34299764504520064
exclude_pandemic,revision_dfm_kalman_em,exact,pre_second,DELTA_TS,77,0.36188436658516654,0.23557505965465195,-0.04287528226083041,0.5714285714285714,1.0,24.805194805194805,9.386345399480675e-05,9.366961233923149e-05,9.986560587699332e-05,0.8928458834624338,0.12332935212307718
exclude_pandemic,revision_dfm_kalman_em,exact,pre_third,DELTA_MT,78,1.2919222974388838,1.0224818341813882,0.030615441844151513,0.44871794871794873,1.0,24.53846153846154,9.299431228508658e-05,9.334285774262418e-05,9.965469672055152e-05,0.5513976868979639,0.0816005872909266
exclude_pandemic,revision_dfm_kalman_em,pseudo,pre_advance,DELTA_SA,77,0.5730522360844849,0.40579736576602826,0.09041546170125069,0.6753246753246753,1.0,24.51948051948052,9.38187953910502e-05,9.30150230431688e-05,9.994443166854442e-05,0.9374545641837381,0.3434072685710268
exclude_pandemic,revision_dfm_kalman_em,pseudo,pre_second,DELTA_TS,77,0.3618857074535966,0.23554253489105162,-0.04290935553932464,0.5714285714285714,1.0,24.818181818181817,9.365604075452143e-05,9.36398934987327e-05,9.986307102550884e-05,0.892849191670714,0.12333696215403157
exclude_pandemic,revision_dfm_kalman_em,pseudo,pre_third,DELTA_MT,78,1.2919215546849667,1.0224809744231622,0.030608153508646884,0.44871794871794873,1.0,24.55128205128205,9.304049473371358e-05,9.33430223660174e-05,9.965571978829782e-05,0.5513973698875735,0.08160053793116348
exclude_pandemic,spf,exact,pre_advance,DELTA_SA,77,0.5605800485026388,0.39431818181818185,-0.05211298701298704,0.0,1.0,0.0,,,,0.9170513470985968,0.09684278494929507
exclude_pandemic,spf,exact,pre_second,DELTA_TS,77,0.36172345611156964,0.2351532467532467,-0.04683376623376622,0.0,1.0,0.0,,,,0.8924488830191356,0.1172582024516386
exclude_pandemic,spf,exact,pre_third,DELTA_MT,78,1.2898514041328908,1.0207653846153844,0.028983333333333274,0.0,1.0,0.0,,,,0.5505138212188896,0.08108705063546676
exclude_pandemic,spf,pseudo,pre_advance,DELTA_SA,77,0.5605800485026388,0.39431818181818185,-0.05211298701298704,0.0,1.0,0.0,,,,0.9170513470985968,0.09684278494929507
exclude_pandemic,spf,pseudo,pre_second,DELTA_TS,77,0.36172345611156964,0.2351532467532467,-0.04683376623376622,0.0,1.0,0.0,,,,0.8924488830191356,0.1172582024516386
exclude_pandemic,spf,pseudo,pre_third,DELTA_MT,78,1.2898514041328908,1.0207653846153844,0.028983333333333274,0.0,1.0,0.0,,,,0.5505138212188896,0.08108705063546676
exclude_pandemic,standard_dfm,exact,pre_advance,DELTA_SA,77,0.5721768290649004,0.40180287781236323,0.024802692539620523,0.6103896103896104,1.0,0.0,,,,0.9360224882675262,0.08429124387380883
exclude_pandemic,standard_dfm,exact,pre_second,DELTA_TS,77,0.36551784576547564,0.2422715214208542,0.01293421577758418,0.5844155844155844,1.0,0.0,,,,0.901810451231409,0.1514779105277427
exclude_pandemic,standard_dfm,exact,pre_third,DELTA_MT,78,1.3999935371727632,1.13204084418812,0.29092758189299983,0.46153846153846156,1.0,0.0,,,,0.5975229312161311,0.11226563076676419
exclude_pandemic,standard_dfm,pseudo,pre_advance,DELTA_SA,77,0.5718541100447838,0.40138524099768697,0.025350947968246086,0.6103896103896104,1.0,0.0,,,,0.9354945531172782,0.08293987029079912
exclude_pandemic,standard_dfm,pseudo,pre_second,DELTA_TS,77,0.36550058442706196,0.24231225006399346,0.012917484973028782,0.5844155844155844,1.0,0.0,,,,0.9017678638295515,0.15121130377989134
exclude_pandemic,standard_dfm,pseudo,pre_third,DELTA_MT,78,1.3975079284391911,1.130261431251012,0.2904959136929664,0.46153846153846156,1.0,0.0,,,,0.5964620633071693,0.11167233867503124
pre_gfc,ar,exact,pre_advance,DELTA_SA,12,0.6254475486289988,0.4679557304469852,-0.04373833412534739,0.5833333333333334,1.0,0.0,,,,1.0,1.0
pre_gfc,ar,exact,pre_second,DELTA_TS,12,0.22180533885501286,0.18436221050706073,0.04321979743485998,0.5,1.0,0.0,,,,1.0,1.0
pre_gfc,ar,exact,pre_third,DELTA_MT,12,1.6656246934914007,1.3671723722094609,0.5775737755256158,0.5,1.0,0.0,,,,1.0,1.0
pre_gfc,ar,pseudo,pre_advance,DELTA_SA,12,0.6254475486289988,0.4679557304469852,-0.04373833412534739,0.5833333333333334,1.0,0.0,,,,1.0,1.0
pre_gfc,ar,pseudo,pre_second,DELTA_TS,12,0.22180533885501286,0.18436221050706073,0.04321979743485998,0.5,1.0,0.0,,,,1.0,1.0
pre_gfc,ar,pseudo,pre_third,DELTA_MT,12,1.6656246934914007,1.3671723722094609,0.5775737755256158,0.5,1.0,0.0,,,,1.0,1.0
pre_gfc,bridge,exact,pre_advance,DELTA_SA,12,0.6209882638677452,0.5046370482641863,-0.10871570407484045,0.5,1.0,0.0,,,,0.9928702498378505,0.8631085821654656
pre_gfc,bridge,exact,pre_second,DELTA_TS,12,0.41645141469893093,0.32387813207547306,-0.03642649788313632,0.8333333333333334,1.0,0.0,,,,1.8775536100650492,0.015806332387484284
pre_gfc,bridge,exact,pre_third,DELTA_MT,12,1.7996781640211674,1.4275550581442935,-0.13158793935752278,0.3333333333333333,1.0,0.0,,,,1.0804823986181247,0.6644869861604837
pre_gfc,bridge,pseudo,pre_advance,DELTA_SA,12,0.6209202990571773,0.5044897251518106,-0.10856838096246467,0.5,1.0,0.0,,,,0.9927615839541695,0.8608835525337122
pre_gfc,bridge,pseudo,pre_second,DELTA_TS,12,0.41592620217557136,0.32281599397109767,-0.035544814207168415,0.8333333333333334,1.0,0.0,,,,1.8751857115912307,0.016287140745846564
pre_gfc,bridge,pseudo,pre_third,DELTA_MT,12,1.775491991078937,1.4062281130945369,-0.12521367524036076,0.3333333333333333,1.0,0.0,,,,1.065961616693637,0.709710694962876
pre_gfc,indicator_revision_only_dfm_kalman_em,exact,pre_advance,DELTA_SA,12,0.6332486728503002,0.5451333333333332,-0.21198333333333327,0.0,1.0,33.916666666666664,7.535018552447376e-05,9.379826819057241e-05,9.9150744922905e-05,1.0124728672106906,0.908044577547993
pre_gfc,indicator_revision_only_dfm_kalman_em,exact,pre_second,DELTA_TS,12,0.1960147826058023,0.15441666666666662,0.000566666666666691,0.0,1.0,32.75,7.648194156309117e-05,9.45392241607301e-05,9.99983204012276e-05,0.883724366679609,0.10010642187826006
pre_gfc,indicator_revision_only_dfm_kalman_em,exact,pre_third,DELTA_MT,12,1.3369596830744996,1.1751916666666666,0.367125,0.0,1.0,32.0,8.42307289024849e-05,9.400846646959162e-05,9.809399023392868e-05,0.8026776309806205,0.010777771546448534
pre_gfc,indicator_revision_only_dfm_kalman_em,pseudo,pre_advance,DELTA_SA,12,0.6332486728503002,0.5451333333333332,-0.21198333333333327,0.0,1.0,33.916666666666664,7.535097929885921e-05,9.379826819057241e-05,9.916027021553053e-05,1.0124728672106906,0.908044577547993
pre_gfc,indicator_revision_only_dfm_kalman_em,pseudo,pre_second,DELTA_TS,12,0.1960147826058023,0.15441666666666662,0.000566666666666691,0.0,1.0,32.833333333333336,7.589796686624472e-05,9.328678380515243e-05,9.844007765573186e-05,0.883724366679609,0.10010642187826006
pre_gfc,indicator_revision_only_dfm_kalman_em,pseudo,pre_third,DELTA_MT,12,1.3369596830744996,1.1751916666666666,0.367125,0.0,1.0,32.0,8.427505612334172e-05,9.400846646959162e-05,9.809399023392868e-05,0.8026776309806205,0.010777771546448534
pre_gfc,joint_indicator_revision_dfm_full_kalman_em,exact,pre_advance,DELTA_SA,12,0.5160803721764321,0.42020581023503456,-0.10241458126523117,0.9166666666666666,1.0,31.666666666666668,8.127264150145743e-05,9.156085728979288e-05,9.892701625376592e-05,0.8251377326647086,0.34331507668638206
pre_gfc,joint_indicator_revision_dfm_full_kalman_em,exact,pre_second,DELTA_TS,12,0.19434092680053805,0.15289747427579803,0.0019085807427414519,0.4166666666666667,1.0,34.583333333333336,7.845260654952732e-05,9.138075842861511e-05,9.69882302624592e-05,0.876177858494076,0.07868035922117353
pre_gfc,joint_indicator_revision_dfm_full_kalman_em,exact,pre_third,DELTA_MT,12,1.3433238207367413,1.1814883038289594,0.3704350787475474,0.16666666666666666,1.0,32.0,8.967920346187332e-05,9.226250937967805e-05,9.8181961712516e-05,0.8064985023252338,0.011057334143109826
pre_gfc,joint_indicator_revision_dfm_full_kalman_em,pseudo,pre_advance,DELTA_SA,12,0.5160805518811663,0.4202062359375296,-0.10241500696772621,0.9166666666666666,1.0,31.666666666666668,8.127092122118385e-05,9.156085728979288e-05,9.892701625376592e-05,0.8251380199865386,0.3433158860204475
pre_gfc,joint_indicator_revision_dfm_full_kalman_em,pseudo,pre_second,DELTA_TS,12,0.1943431161669433,0.15289884532595424,0.0019099517928976575,0.4166666666666667,1.0,34.583333333333336,7.843452522024169e-05,9.138075842861511e-05,9.667642519524732e-05,0.8761877291600237,0.07868090629968712
pre_gfc,joint_indicator_revision_dfm_full_kalman_em,pseudo,pre_third,DELTA_MT,12,1.3433202644551392,1.1814865525654452,0.37043683001106165,0.16666666666666666,1.0,31.916666666666668,8.978213174008682e-05,9.226250937967805e-05,9.8181961712516e-05,0.80649636722144,0.011056946017900263
pre_gfc,midas_umidas,exact,pre_advance,DELTA_SA,12,28.97014115304083,14.34760013454134,-11.303636480225572,0.5833333333333334,1.0,0.0,,,,46.31905779556466,0.22301461211928872
pre_gfc,midas_umidas,exact,pre_second,DELTA_TS,12,1.184275822089523,1.0417636766012919,0.8067211258062846,0.6666666666666666,1.0,0.0,,,,5.339257513831291,0.007053245372747487
pre_gfc,midas_umidas,exact,pre_third,DELTA_MT,12,10.656462947611043,6.980995511262495,0.45903522699290206,0.5833333333333334,1.0,0.0,,,,6.397877618681006,0.058608017559223534
pre_gfc,midas_umidas,pseudo,pre_advance,DELTA_SA,12,28.97010262564586,14.343970400896653,-11.300006746580884,0.5833333333333334,1.0,0.0,,,,46.3189961958429,0.2230160631869861
pre_gfc,midas_umidas,pseudo,pre_second,DELTA_TS,12,1.18387834809147,1.0410399795992582,0.8054596766985501,0.6666666666666666,1.0,0.0,,,,5.3374655191024685,0.00712024179767252
pre_gfc,midas_umidas,pseudo,pre_third,DELTA_MT,12,16.0785632083244,10.355668271423522,3.7864411568783503,0.5833333333333334,1.0,0.0,,,,9.65317293334629,0.12688887229773912
pre_gfc,monthly_mixed_frequency_kalman_em,exact,pre_advance,DELTA_SA,12,0.6294838517437439,0.514496767930179,-0.12183903303039521,0.6666666666666666,1.0,54.0,8.837697036706771e-05,8.663052532966718e-05,9.733178791716997e-05,1.0064534638013896,0.9412883478144528
pre_gfc,monthly_mixed_frequency_kalman_em,exact,pre_second,DELTA_TS,12,0.23203687806455545,0.1722763285551316,0.05545366219916233,0.5833333333333334,1.0,54.333333333333336,9.024074336712224e-05,9.00289000477704e-05,9.777199793147062e-05,1.046128462292022,0.6696949269561909
pre_gfc,monthly_mixed_frequency_kalman_em,exact,pre_third,DELTA_MT,12,1.4394600366626473,1.2662357383735336,0.43205290349423153,0.25,1.0,55.083333333333336,8.815615635464347e-05,8.528519517186898e-05,9.9961624933226e-05,0.8642163161290085,0.020565742463030393
pre_gfc,monthly_mixed_frequency_kalman_em,pseudo,pre_advance,DELTA_SA,12,0.6294879416253292,0.5145038439415159,-0.12184610904173215,0.6666666666666666,1.0,54.0,8.834145158127956e-05,8.663052532966718e-05,9.733178791716997e-05,1.0064600029294017,0.9412306637332495
pre_gfc,monthly_mixed_frequency_kalman_em,pseudo,pre_second,DELTA_TS,12,0.23203275777634302,0.1722764988108084,0.05545383245483911,0.5833333333333334,1.0,54.333333333333336,9.028311400906945e-05,9.00289000477704e-05,9.777199793147062e-05,1.0461098861466789,0.6698214571095871
pre_gfc,monthly_mixed_frequency_kalman_em,pseudo,pre_third,DELTA_MT,12,1.4422100118650938,1.2682303222172269,0.4300588426321657,0.25,1.0,54.833333333333336,8.851279525472893e-05,8.816706388299308e-05,9.9961624933226e-05,0.8658673334399264,0.021904193004446876
pre_gfc,no_revision,exact,pre_advance,DELTA_SA,12,0.6332486728503002,0.5451333333333332,-0.21198333333333327,0.0,1.0,0.0,,,,1.0124728672106906,0.908044577547993
pre_gfc,no_revision,exact,pre_second,DELTA_TS,12,0.1960147826058023,0.15441666666666662,0.000566666666666691,0.0,1.0,0.0,,,,0.883724366679609,0.10010642187826006
pre_gfc,no_revision,exact,pre_third,DELTA_MT,12,1.3369596830744996,1.1751916666666666,0.367125,0.0,1.0,0.0,,,,0.8026776309806205,0.010777771546448534
pre_gfc,no_revision,pseudo,pre_advance,DELTA_SA,12,0.6332486728503002,0.5451333333333332,-0.21198333333333327,0.0,1.0,0.0,,,,1.0124728672106906,0.908044577547993
pre_gfc,no_revision,pseudo,pre_second,DELTA_TS,12,0.1960147826058023,0.15441666666666662,0.000566666666666691,0.0,1.0,0.0,,,,0.883724366679609,0.10010642187826006
pre_gfc,no_revision,pseudo,pre_third,DELTA_MT,12,1.3369596830744996,1.1751916666666666,0.367125,0.0,1.0,0.0,,,,0.8026776309806205,0.010777771546448534
pre_gfc,release_dfm,exact,pre_advance,DELTA_SA,12,0.5765692099736649,0.47271642781884377,-0.1067553793636347,0.75,1.0,0.0,,,,0.9218506191886485,0.38851000046103124
pre_gfc,release_dfm,exact,pre_second,DELTA_TS,12,0.20778191416641736,0.16925203370257955,0.0608211581215112,0.5,1.0,0.0,,,,0.9367759822149179,0.17168525426989953
pre_gfc,release_dfm,exact,pre_third,DELTA_MT,12,1.5110392044691445,1.2743362864669157,0.8510716511954307,0.4166666666666667,1.0,0.0,,,,0.9071906836958441,0.35503934123846986
pre_gfc,release_dfm,pseudo,pre_advance,DELTA_SA,12,0.5765706861164085,0.4727189085339041,-0.10675786007869503,0.75,1.0,0.0,,,,0.9218529793269956,0.3885264814901448
pre_gfc,release_dfm,pseudo,pre_second,DELTA_TS,12,0.20775458642133374,0.16923980688672166,0.06080893130565331,0.5,1.0,0.0,,,,0.9366527762306766,0.1712717271933775
pre_gfc,release_dfm,pseudo,pre_third,DELTA_MT,12,1.508708853205249,1.2717305871426239,0.8533382579131983,0.4166666666666667,1.0,0.0,,,,0.9057915982518052,0.3514301713238202
pre_gfc,revision_dfm_kalman_em,exact,pre_advance,DELTA_SA,12,0.6073235531300135,0.5025165277764482,-0.1075366083333571,0.8333333333333334,1.0,29.166666666666668,9.314483895018409e-05,9.219146070011208e-05,9.944948602773832e-05,0.9710223574483365,0.7723620288954898
pre_gfc,revision_dfm_kalman_em,exact,pre_second,DELTA_TS,12,0.19492572833617414,0.15390388520364842,0.004265383060259524,0.6666666666666666,1.0,31.0,9.495721138394148e-05,9.604070834194999e-05,9.95127970357953e-05,0.8788144115123889,0.08802774915104013
pre_gfc,revision_dfm_kalman_em,exact,pre_third,DELTA_MT,12,1.3424832426683357,1.180429216720144,0.37072677171750984,0.25,1.0,28.916666666666668,9.537319267116262e-05,9.556672134890518e-05,9.951313990147113e-05,0.805993839977413,0.010928632569437213
pre_gfc,revision_dfm_kalman_em,pseudo,pre_advance,DELTA_SA,12,0.6073248255702416,0.5025188661242155,-0.10753894668112436,0.8333333333333334,1.0,29.166666666666668,9.314467109391824e-05,9.219146070011208e-05,9.944747175254789e-05,0.9710243918958787,0.7723777699638239
pre_gfc,revision_dfm_kalman_em,pseudo,pre_second,DELTA_TS,12,0.19492539050558283,0.15390362993378845,0.004265127790399538,0.6666666666666666,1.0,31.0,9.496207272373279e-05,9.604070834194999e-05,9.95127970357953e-05,0.8788128884174398,0.08802750998286368
pre_gfc,revision_dfm_kalman_em,pseudo,pre_third,DELTA_MT,12,1.3424831073175378,1.1804291805164862,0.3707268079211678,0.25,1.0,28.916666666666668,9.541818976011765e-05,9.573251705869071e-05,9.951313990147113e-05,0.8059937587161311,0.010928649298658461
pre_gfc,spf,exact,pre_advance,DELTA_SA,12,0.6332486728503002,0.5451333333333332,-0.21198333333333327,0.0,1.0,0.0,,,,1.0124728672106906,0.908044577547993
pre_gfc,spf,exact,pre_second,DELTA_TS,12,0.1960147826058023,0.15441666666666662,0.000566666666666691,0.0,1.0,0.0,,,,0.883724366679609,0.10010642187826006
pre_gfc,spf,exact,pre_third,DELTA_MT,12,1.3369596830744996,1.1751916666666666,0.367125,0.0,1.0,0.0,,,,0.8026776309806205,0.010777771546448534
pre_gfc,spf,pseudo,pre_advance,DELTA_SA,12,0.6332486728503002,0.5451333333333332,-0.21198333333333327,0.0,1.0,0.0,,,,1.0124728672106906,0.908044577547993
pre_gfc,spf,pseudo,pre_second,DELTA_TS,12,0.1960147826058023,0.15441666666666662,0.000566666666666691,0.0,1.0,0.0,,,,0.883724366679609,0.10010642187826006
pre_gfc,spf,pseudo,pre_third,DELTA_MT,12,1.3369596830744996,1.1751916666666666,0.367125,0.0,1.0,0.0,,,,0.8026776309806205,0.010777771546448534
pre_gfc,standard_dfm,exact,pre_advance,DELTA_SA,12,0.5765692099736649,0.47271642781884377,-0.1067553793636347,0.75,1.0,0.0,,,,0.9218506191886485,0.38851000046103124
pre_gfc,standard_dfm,exact,pre_second,DELTA_TS,12,0.2173179609230365,0.18351303817431797,0.09284362149447555,0.5,1.0,0.0,,,,0.9797688461642052,0.7248156842908331
pre_gfc,standard_dfm,exact,pre_third,DELTA_MT,12,1.5689705134772434,1.3072923699962247,0.8103544075509741,0.4166666666666667,1.0,0.0,,,,0.9419712133280423,0.3917126134390293
pre_gfc,standard_dfm,pseudo,pre_advance,DELTA_SA,12,0.5765706861164085,0.4727189085339041,-0.10675786007869503,0.75,1.0,0.0,,,,0.9218529793269956,0.3885264814901448
pre_gfc,standard_dfm,pseudo,pre_second,DELTA_TS,12,0.21729296590834693,0.18350187037773655,0.09283245369789411,0.5,1.0,0.0,,,,0.9796561571963985,0.7233898058442232
pre_gfc,standard_dfm,pseudo,pre_third,DELTA_MT,12,1.5670077757635912,1.3051394643136058,0.8118458363304896,0.4166666666666667,1.0,0.0,,,,0.9407928339960585,0.3850740670172382
gfc_and_recovery,ar,exact,pre_advance,DELTA_SA,28,0.8078268449404457,0.6548103831622708,0.13607571004658242,0.35714285714285715,1.0,0.0,,,,1.0,1.0
gfc_and_recovery,ar,exact,pre_second,DELTA_TS,28,0.5927052454271391,0.38376051152977425,0.06599158581160104,0.6071428571428571,1.0,0.0,,,,1.0,1.0
gfc_and_recovery,ar,exact,pre_third,DELTA_MT,28,2.3669194859306524,2.0188205104921644,0.6365610729640702,0.4642857142857143,1.0,0.0,,,,1.0,1.0
gfc_and_recovery,ar,pseudo,pre_advance,DELTA_SA,28,0.8078268449404457,0.6548103831622708,0.13607571004658242,0.35714285714285715,1.0,0.0,,,,1.0,1.0
gfc_and_recovery,ar,pseudo,pre_second,DELTA_TS,28,0.5927052454271391,0.38376051152977425,0.06599158581160104,0.6071428571428571,1.0,0.0,,,,1.0,1.0
gfc_and_recovery,ar,pseudo,pre_third,DELTA_MT,28,2.3669194859306524,2.0188205104921644,0.6365610729640702,0.4642857142857143,1.0,0.0,,,,1.0,1.0
gfc_and_recovery,bridge,exact,pre_advance,DELTA_SA,28,0.8728041508759686,0.6860993162299085,0.053422777975860244,0.39285714285714285,1.0,0.0,,,,1.0804346950618027,0.43350163519042895
gfc_and_recovery,bridge,exact,pre_second,DELTA_TS,28,0.6628507927836023,0.49558010455336104,0.0009485923409285038,0.5714285714285714,1.0,0.0,,,,1.1183481129914956,0.17909828614329623
gfc_and_recovery,bridge,exact,pre_third,DELTA_MT,28,1.8153735623453846,1.4670186112889367,0.5394961833069484,0.6785714285714286,1.0,0.0,,,,0.7669773193115588,0.04117159395035666
gfc_and_recovery,bridge,pseudo,pre_advance,DELTA_SA,28,0.8842136753952865,0.6906053390758826,0.05598647925480684,0.39285714285714285,1.0,0.0,,,,1.0945584204502046,0.39837110321744895
gfc_and_recovery,bridge,pseudo,pre_second,DELTA_TS,28,0.6618242336402091,0.4931587143712895,-0.002783964242289413,0.6071428571428571,1.0,0.0,,,,1.116616123691058,0.18808690179784482
gfc_and_recovery,bridge,pseudo,pre_third,DELTA_MT,28,1.813362480671183,1.467094055925749,0.5399336578376717,0.6785714285714286,1.0,0.0,,,,0.7661276572566575,0.04162683200753199
gfc_and_recovery,indicator_revision_only_dfm_kalman_em,exact,pre_advance,DELTA_SA,28,0.7194633225536935,0.5307964285714286,0.07043214285714283,0.0,1.0,25.357142857142858,9.402215133041843e-05,9.36078893406721e-05,9.903965324944678e-05,0.8906157638357928,0.09098205225716119
gfc_and_recovery,indicator_revision_only_dfm_kalman_em,exact,pre_second,DELTA_TS,28,0.5160822788775339,0.3388357142857142,0.021907142857142885,0.0,1.0,26.75,9.53994477286668e-05,9.535002393631949e-05,9.992758834763338e-05,0.8707233196588532,0.09293200072973085
gfc_and_recovery,indicator_revision_only_dfm_kalman_em,exact,pre_third,DELTA_MT,28,1.471978888508353,1.2314964285714287,0.20596071428571427,0.0,1.0,27.214285714285715,9.489692491164717e-05,9.567842137163107e-05,9.993742233697156e-05,0.621896476520655,0.008877580341972403
gfc_and_recovery,indicator_revision_only_dfm_kalman_em,pseudo,pre_advance,DELTA_SA,28,0.7194633225536935,0.5307964285714286,0.07043214285714283,0.0,1.0,25.642857142857142,9.424678239355285e-05,9.412841229977817e-05,9.903965324944678e-05,0.8906157638357928,0.09098205225716119
gfc_and_recovery,indicator_revision_only_dfm_kalman_em,pseudo,pre_second,DELTA_TS,28,0.5160822788775339,0.3388357142857142,0.021907142857142885,0.0,1.0,26.857142857142858,9.506162588738968e-05,9.535002393631949e-05,9.944259929731594e-05,0.8707233196588532,0.09293200072973085
gfc_and_recovery,indicator_revision_only_dfm_kalman_em,pseudo,pre_third,DELTA_MT,28,1.471978888508353,1.2314964285714287,0.20596071428571427,0.0,1.0,27.285714285714285,9.47200486574305e-05,9.511557691475581e-05,9.99388886458764e-05,0.621896476520655,0.008877580341972403
gfc_and_recovery,joint_indicator_revision_dfm_full_kalman_em,exact,pre_advance,DELTA_SA,28,0.7684485859264892,0.6094660484707605,0.2764067000961806,0.5357142857142857,1.0,26.607142857142858,9.4457473415813e-05,9.503157970900948e-05,9.957269643828444e-05,0.951254084633868,0.6874619118061664
gfc_and_recovery,joint_indicator_revision_dfm_full_kalman_em,exact,pre_second,DELTA_TS,28,0.5167923454030288,0.3394794729337173,0.026832069797441137,0.5714285714285714,1.0,28.071428571428573,9.476968149689113e-05,9.505957996754107e-05,9.96951417687708e-05,0.8719213291770298,0.10326835547632954
gfc_and_recovery,joint_indicator_revision_dfm_full_kalman_em,exact,pre_third,DELTA_MT,28,1.4725370379064597,1.2322656706563924,0.20577817385259026,0.5357142857142857,1.0,28.642857142857142,9.50395373801101e-05,9.502587540302635e-05,9.983936563574948e-05,0.6221322891038141,0.009103690517201373
gfc_and_recovery,joint_indicator_revision_dfm_full_kalman_em,pseudo,pre_advance,DELTA_SA,28,0.7683468355401605,0.6106477487270505,0.27324988202115247,0.5357142857142857,1.0,26.892857142857142,9.448360736692034e-05,9.503157970900948e-05,9.957269643828444e-05,0.9511281289455097,0.6866626154426734
gfc_and_recovery,joint_indicator_revision_dfm_full_kalman_em,pseudo,pre_second,DELTA_TS,28,0.5168197304150607,0.33950909794734263,0.02686011247461525,0.5714285714285714,1.0,28.107142857142858,9.529514673502192e-05,9.542865010548184e-05,9.971157323874928e-05,0.8719675326014861,0.10338652409927235
gfc_and_recovery,joint_indicator_revision_dfm_full_kalman_em,pseudo,pre_third,DELTA_MT,28,1.472539029901301,1.2322689883342033,0.20577937617406897,0.5357142857142857,1.0,28.75,9.541670877106759e-05,9.63181184006373e-05,9.985117017868256e-05,0.6221331307018715,0.009103792678435568
gfc_and_recovery,midas_umidas,exact,pre_advance,DELTA_SA,28,2.1417313315256274,1.7316452269539835,0.18975773953395575,0.4642857142857143,1.0,0.0,,,,2.6512257483638333,0.0017363083992902797
gfc_and_recovery,midas_umidas,exact,pre_second,DELTA_TS,28,0.8972213512471394,0.7484319892726372,-0.08644276843063672,0.32142857142857145,1.0,0.0,,,,1.5137732594226456,0.027885096285624602
gfc_and_recovery,midas_umidas,exact,pre_third,DELTA_MT,28,6.535624449902451,4.039434060185348,1.6528796898397469,0.5,1.0,0.0,,,,2.7612364885038323,0.18773147209908883
gfc_and_recovery,midas_umidas,pseudo,pre_advance,DELTA_SA,28,2.189286858752294,1.7355442831626042,0.16360403933450657,0.5,1.0,0.0,,,,2.7100942144522215,0.003886787986217191
gfc_and_recovery,midas_umidas,pseudo,pre_second,DELTA_TS,28,0.8986506519239135,0.7531762278167466,-0.07970231230722713,0.32142857142857145,1.0,0.0,,,,1.5161847458871258,0.02967007530757756
gfc_and_recovery,midas_umidas,pseudo,pre_third,DELTA_MT,28,6.238674227407713,3.8484290617736057,1.6818543314943752,0.4642857142857143,1.0,0.0,,,,2.635777965617922,0.20252397927468085
gfc_and_recovery,monthly_mixed_frequency_kalman_em,exact,pre_advance,DELTA_SA,28,0.7164659988218335,0.4913309157646754,0.19748684467550756,0.6428571428571429,1.0,36.75,9.467517878011713e-05,9.581843584115024e-05,9.990414913494224e-05,0.8869054096297735,0.041334278155624314
gfc_and_recovery,monthly_mixed_frequency_kalman_em,exact,pre_second,DELTA_TS,28,0.5024856740260593,0.34419036676503373,0.08537684059591553,0.5,1.0,38.214285714285715,9.405147406572445e-05,9.55229166808777e-05,9.967778734918082e-05,0.8477834098868786,0.16968730569721135
gfc_and_recovery,monthly_mixed_frequency_kalman_em,exact,pre_third,DELTA_MT,28,1.5002668012622338,1.2597436339972603,0.22231476617278823,0.39285714285714285,1.0,38.642857142857146,9.495555153945006e-05,9.57026574091612e-05,9.96458752777339e-05,0.6338478390076466,0.01409417209802137
gfc_and_recovery,monthly_mixed_frequency_kalman_em,pseudo,pre_advance,DELTA_SA,28,0.7158123817690204,0.4898813382871473,0.19784239405761697,0.6428571428571429,1.0,36.785714285714285,9.424502769345195e-05,9.581843584115024e-05,9.98577474337379e-05,0.8860963042417727,0.039641300453349224
gfc_and_recovery,monthly_mixed_frequency_kalman_em,pseudo,pre_second,DELTA_TS,28,0.502267375635847,0.34387734765116285,0.08545129993679546,0.5,1.0,38.285714285714285,9.310237671896016e-05,9.476935166364444e-05,9.965851847696244e-05,0.8474151013694554,0.16887043907515914
gfc_and_recovery,monthly_mixed_frequency_kalman_em,pseudo,pre_third,DELTA_MT,28,1.5009339661129464,1.2603396103408986,0.2227789701630897,0.39285714285714285,1.0,38.75,9.507498530862499e-05,9.558709781979067e-05,9.941723587431012e-05,0.6341297095379618,0.014086523750138961
gfc_and_recovery,no_revision,exact,pre_advance,DELTA_SA,28,0.7194633225536935,0.5307964285714286,0.07043214285714283,0.0,1.0,0.0,,,,0.8906157638357928,0.09098205225716119
gfc_and_recovery,no_revision,exact,pre_second,DELTA_TS,28,0.5160822788775339,0.3388357142857142,0.021907142857142885,0.0,1.0,0.0,,,,0.8707233196588532,0.09293200072973085
gfc_and_recovery,no_revision,exact,pre_third,DELTA_MT,28,1.471978888508353,1.2314964285714287,0.20596071428571427,0.0,1.0,0.0,,,,0.621896476520655,0.008877580341972403
gfc_and_recovery,no_revision,pseudo,pre_advance,DELTA_SA,28,0.7194633225536935,0.5307964285714286,0.07043214285714283,0.0,1.0,0.0,,,,0.8906157638357928,0.09098205225716119
gfc_and_recovery,no_revision,pseudo,pre_second,DELTA_TS,28,0.5160822788775339,0.3388357142857142,0.021907142857142885,0.0,1.0,0.0,,,,0.8707233196588532,0.09293200072973085
gfc_and_recovery,no_revision,pseudo,pre_third,DELTA_MT,28,1.471978888508353,1.2314964285714287,0.20596071428571427,0.0,1.0,0.0,,,,0.621896476520655,0.008877580341972403
gfc_and_recovery,release_dfm,exact,pre_advance,DELTA_SA,28,0.7758683773262061,0.5917111073971929,0.11844483427842759,0.4642857142857143,1.0,0.0,,,,0.960438963108987,0.4132614306745019
gfc_and_recovery,release_dfm,exact,pre_second,DELTA_TS,28,0.5238067428416545,0.3479258393899455,0.03719519400484147,0.5357142857142857,1.0,0.0,,,,0.8837558750879079,0.1422700170485651
gfc_and_recovery,release_dfm,exact,pre_third,DELTA_MT,28,1.5654052334202633,1.219885538342734,0.7395671114167081,0.5,1.0,0.0,,,,0.6613681803395858,0.025791308382214214
gfc_and_recovery,release_dfm,pseudo,pre_advance,DELTA_SA,28,0.775274951680812,0.5907162321391105,0.11972010498284039,0.4642857142857143,1.0,0.0,,,,0.9597043680047134,0.40651070463301137
gfc_and_recovery,release_dfm,pseudo,pre_second,DELTA_TS,28,0.5238836668189722,0.3480627201864999,0.03726949569215121,0.5357142857142857,1.0,0.0,,,,0.8838856596273754,0.14283083588455894
gfc_and_recovery,release_dfm,pseudo,pre_third,DELTA_MT,28,1.5648113378140507,1.2192364358775987,0.7400003721494022,0.5,1.0,0.0,,,,0.6611172653381492,0.025916413368740093
gfc_and_recovery,revision_dfm_kalman_em,exact,pre_advance,DELTA_SA,28,0.7595608935962409,0.5822194985760965,0.26972027745381216,0.6071428571428571,1.0,22.571428571428573,9.421064441043397e-05,9.4614140152389e-05,9.994443166854442e-05,0.9402521076806218,0.554967010712531
gfc_and_recovery,revision_dfm_kalman_em,exact,pre_second,DELTA_TS,28,0.5164790981196676,0.3390415445574297,0.027100510194368533,0.5714285714285714,1.0,22.535714285714285,9.451998019563272e-05,9.617445686828876e-05,9.97709416307884e-05,0.8713928248559057,0.10102945972196273
gfc_and_recovery,revision_dfm_kalman_em,exact,pre_third,DELTA_MT,28,1.4725671147749952,1.2322875432227876,0.2061590510222873,0.5357142857142857,1.0,22.75,9.275939138758513e-05,9.301300092263753e-05,9.858854326815208e-05,0.6221449962823702,0.009085155931919046
gfc_and_recovery,revision_dfm_kalman_em,pseudo,pre_advance,DELTA_SA,28,0.7595936038682606,0.581937435996985,0.2704687287320803,0.6071428571428571,1.0,22.571428571428573,9.410746942286166e-05,9.4614140152389e-05,9.994443166854442e-05,0.9402925993679488,0.5552533716118164
gfc_and_recovery,revision_dfm_kalman_em,pseudo,pre_second,DELTA_TS,28,0.5164899285416502,0.33905618317121705,0.027116326201215502,0.5714285714285714,1.0,22.571428571428573,9.403187970230527e-05,9.525357086391036e-05,9.97546913062971e-05,0.8714110977192997,0.10108455941594326
gfc_and_recovery,revision_dfm_kalman_em,pseudo,pre_third,DELTA_MT,28,1.4725642751777277,1.232279878352487,0.20614700096449665,0.5357142857142857,1.0,22.785714285714285,9.272326028536176e-05,9.23855546709079e-05,9.858854326815208e-05,0.622143796580697,0.009084776655445242
gfc_and_recovery,spf,exact,pre_advance,DELTA_SA,28,0.7194633225536935,0.5307964285714286,0.07043214285714283,0.0,1.0,0.0,,,,0.8906157638357928,0.09098205225716119
gfc_and_recovery,spf,exact,pre_second,DELTA_TS,28,0.5160822788775339,0.3388357142857142,0.021907142857142885,0.0,1.0,0.0,,,,0.8707233196588532,0.09293200072973085
gfc_and_recovery,spf,exact,pre_third,DELTA_MT,28,1.471978888508353,1.2314964285714287,0.20596071428571427,0.0,1.0,0.0,,,,0.621896476520655,0.008877580341972403
gfc_and_recovery,spf,pseudo,pre_advance,DELTA_SA,28,0.7194633225536935,0.5307964285714286,0.07043214285714283,0.0,1.0,0.0,,,,0.8906157638357928,0.09098205225716119
gfc_and_recovery,spf,pseudo,pre_second,DELTA_TS,28,0.5160822788775339,0.3388357142857142,0.021907142857142885,0.0,1.0,0.0,,,,0.8707233196588532,0.09293200072973085
gfc_and_recovery,spf,pseudo,pre_third,DELTA_MT,28,1.471978888508353,1.2314964285714287,0.20596071428571427,0.0,1.0,0.0,,,,0.621896476520655,0.008877580341972403
gfc_and_recovery,standard_dfm,exact,pre_advance,DELTA_SA,28,0.7758683773262061,0.5917111073971929,0.11844483427842759,0.4642857142857143,1.0,0.0,,,,0.960438963108987,0.4132614306745019
gfc_and_recovery,standard_dfm,exact,pre_second,DELTA_TS,28,0.5320147857990537,0.3563567096877061,0.057809220549303424,0.5357142857142857,1.0,0.0,,,,0.8976043149671331,0.2049120881813549
gfc_and_recovery,standard_dfm,exact,pre_third,DELTA_MT,28,1.5224481876357172,1.2459765219768848,0.6155242002746186,0.5,1.0,0.0,,,,0.6432192546833099,0.018485242693695923
gfc_and_recovery,standard_dfm,pseudo,pre_advance,DELTA_SA,28,0.775274951680812,0.5907162321391105,0.11972010498284039,0.4642857142857143,1.0,0.0,,,,0.9597043680047134,0.40651070463301137
gfc_and_recovery,standard_dfm,pseudo,pre_second,DELTA_TS,28,0.5319400999288129,0.35630071130541763,0.057638475412808705,0.5357142857142857,1.0,0.0,,,,0.8974783065155173,0.20419715946795747
gfc_and_recovery,standard_dfm,pseudo,pre_third,DELTA_MT,28,1.5179340227735427,1.2426013778757365,0.6134076012287908,0.5,1.0,0.0,,,,0.6413120648152103,0.0186911169441955
post_gfc_pre_pandemic,ar,exact,pre_advance,DELTA_SA,19,0.4841562284200546,0.29054251804707026,-0.009453446220469926,0.631578947368421,1.0,0.0,,,,1.0,1.0
post_gfc_pre_pandemic,ar,exact,pre_second,DELTA_TS,19,0.26163798709259967,0.19625505648169894,-0.05082610835249618,0.631578947368421,1.0,0.0,,,,1.0,1.0
post_gfc_pre_pandemic,ar,exact,pre_third,DELTA_MT,20,1.559604163292956,1.2500352139391242,0.00029228932705211986,0.55,1.0,0.0,,,,1.0,1.0
post_gfc_pre_pandemic,ar,pseudo,pre_advance,DELTA_SA,19,0.4841562284200546,0.29054251804707026,-0.009453446220469926,0.631578947368421,1.0,0.0,,,,1.0,1.0
post_gfc_pre_pandemic,ar,pseudo,pre_second,DELTA_TS,19,0.26163798709259967,0.19625505648169894,-0.05082610835249618,0.631578947368421,1.0,0.0,,,,1.0,1.0
post_gfc_pre_pandemic,ar,pseudo,pre_third,DELTA_MT,20,1.559604163292956,1.2500352139391242,0.00029228932705211986,0.55,1.0,0.0,,,,1.0,1.0
post_gfc_pre_pandemic,bridge,exact,pre_advance,DELTA_SA,19,0.46994604047009464,0.2998005197089727,-0.08522082984206585,0.6842105263157895,1.0,0.0,,,,0.9706495814453693,0.6995979079415887
post_gfc_pre_pandemic,bridge,exact,pre_second,DELTA_TS,19,0.3022965960291135,0.2313532856263186,0.061821010867870334,0.6842105263157895,1.0,0.0,,,,1.15540025127209,0.18503459332657055
post_gfc_pre_pandemic,bridge,exact,pre_third,DELTA_MT,20,1.7936209405048156,1.3921227189410423,-0.5285068898333646,0.25,1.0,0.0,,,,1.1500488282345664,0.22651261778038698
post_gfc_pre_pandemic,bridge,pseudo,pre_advance,DELTA_SA,19,0.4700714775187652,0.30000344412460245,-0.08449331014106716,0.6842105263157895,1.0,0.0,,,,0.9709086652726701,0.7032141873840764
post_gfc_pre_pandemic,bridge,pseudo,pre_second,DELTA_TS,19,0.30139767027481,0.22910535286036673,0.06450226663336132,0.7368421052631579,1.0,0.0,,,,1.1519644896524084,0.18998307724224225
post_gfc_pre_pandemic,bridge,pseudo,pre_third,DELTA_MT,20,1.7929326727941732,1.3909116392469825,-0.5277666453353528,0.25,1.0,0.0,,,,1.1496075190056982,0.22917403737841155
post_gfc_pre_pandemic,indicator_revision_only_dfm_kalman_em,exact,pre_advance,DELTA_SA,19,0.464025759833949,0.3086578947368421,-0.15937368421052633,0.0,1.0,28.105263157894736,9.512371714821472e-05,9.353049063689654e-05,9.97206468054178e-05,0.9584215436992367,0.6473259455670854
post_gfc_pre_pandemic,indicator_revision_only_dfm_kalman_em,exact,pre_second,DELTA_TS,19,0.24681615787762692,0.19699999999999998,-0.12559999999999996,0.0,1.0,27.736842105263158,9.590027321760621e-05,9.624050524495446e-05,9.965840455986993e-05,0.9433498576423195,0.7656166393456332
post_gfc_pre_pandemic,indicator_revision_only_dfm_kalman_em,exact,pre_third,DELTA_MT,20,1.445811495493102,1.1277149999999998,-0.21997500000000003,0.0,1.0,27.35,9.584225553934792e-05,9.718880079976473e-05,9.989944246921674e-05,0.9270374685589505,0.3924812669248216
post_gfc_pre_pandemic,indicator_revision_only_dfm_kalman_em,pseudo,pre_advance,DELTA_SA,19,0.464025759833949,0.3086578947368421,-0.15937368421052633,0.0,1.0,28.157894736842106,9.557999870681839e-05,9.501994753259136e-05,9.956915878948218e-05,0.9584215436992367,0.6473259455670854
post_gfc_pre_pandemic,indicator_revision_only_dfm_kalman_em,pseudo,pre_second,DELTA_TS,19,0.24681615787762692,0.19699999999999998,-0.12559999999999996,0.0,1.0,27.736842105263158,9.603140839282398e-05,9.656041779847172e-05,9.965684627244044e-05,0.9433498576423195,0.7656166393456332
post_gfc_pre_pandemic,indicator_revision_only_dfm_kalman_em,pseudo,pre_third,DELTA_MT,20,1.445811495493102,1.1277149999999998,-0.21997500000000003,0.0,1.0,27.3,9.626850023984666e-05,9.76246179719114e-05,9.99019327550622e-05,0.9270374685589505,0.3924812669248216
post_gfc_pre_pandemic,joint_indicator_revision_dfm_full_kalman_em,exact,pre_advance,DELTA_SA,19,0.4095257508462047,0.29167424101206524,-0.027725372702048362,0.6842105263157895,1.0,29.31578947368421,9.472783139531322e-05,9.396973150462744e-05,9.958234103175065e-05,0.8458545543916861,0.3273482431971363
post_gfc_pre_pandemic,joint_indicator_revision_dfm_full_kalman_em,exact,pre_second,DELTA_TS,19,0.24669870295456156,0.19680015736672732,-0.12297875840098942,0.5263157894736842,1.0,29.157894736842106,9.479176351174423e-05,9.386043165968204e-05,9.974067943523704e-05,0.9429009361215168,0.762487435164676
post_gfc_pre_pandemic,joint_indicator_revision_dfm_full_kalman_em,exact,pre_third,DELTA_MT,20,1.449261794030509,1.1300814022548191,-0.21752563407176276,0.3,1.0,28.7,9.467308376665917e-05,9.351025404529838e-05,9.926656994021108e-05,0.9292497597406578,0.4075548052201769
post_gfc_pre_pandemic,joint_indicator_revision_dfm_full_kalman_em,pseudo,pre_advance,DELTA_SA,19,0.40999964619919355,0.29275723102545664,-0.02919730565535332,0.6842105263157895,1.0,29.473684210526315,9.431899702997413e-05,9.376458270330388e-05,9.77883212837674e-05,0.8468333610767417,0.3311090759472878
post_gfc_pre_pandemic,joint_indicator_revision_dfm_full_kalman_em,pseudo,pre_second,DELTA_TS,19,0.246699923575524,0.1968009484615179,-0.12298280445579743,0.5263157894736842,1.0,29.210526315789473,9.450524985675083e-05,9.36261198647738e-05,9.974067943523704e-05,0.9429056014263375,0.7625089444243277
post_gfc_pre_pandemic,joint_indicator_revision_dfm_full_kalman_em,pseudo,pre_third,DELTA_MT,20,1.4492639642888603,1.130087219193031,-0.217528032628576,0.3,1.0,28.7,9.465432509027267e-05,9.327954304240061e-05,9.929751000250444e-05,0.9292511512850011,0.40756430086957046
post_gfc_pre_pandemic,midas_umidas,exact,pre_advance,DELTA_SA,19,0.9939733593443961,0.7882981396232193,-0.12065853991997906,0.5789473684210527,1.0,0.0,,,,2.053001285531379,0.02031394247706113
post_gfc_pre_pandemic,midas_umidas,exact,pre_second,DELTA_TS,19,0.5054743314782676,0.39131332279022574,0.17306222715677264,0.6842105263157895,1.0,0.0,,,,1.9319607870984294,0.03557843133754473
post_gfc_pre_pandemic,midas_umidas,exact,pre_third,DELTA_MT,20,3.241393205968851,2.1682149526367214,0.08051930573655568,0.55,1.0,0.0,,,,2.07834351963062,0.09434716434602361
post_gfc_pre_pandemic,midas_umidas,pseudo,pre_advance,DELTA_SA,19,1.011788822468342,0.7963284271018019,-0.14808784396921446,0.5789473684210527,1.0,0.0,,,,2.089798216104973,0.024557111161321855
post_gfc_pre_pandemic,midas_umidas,pseudo,pre_second,DELTA_TS,19,0.5018145690501322,0.38515989443144893,0.17710994735372138,0.6842105263157895,1.0,0.0,,,,1.917972900749036,0.039805103763321234
post_gfc_pre_pandemic,midas_umidas,pseudo,pre_third,DELTA_MT,20,3.2545919268677705,2.1933242672982822,0.06560313467834913,0.55,1.0,0.0,,,,2.086806385535679,0.08884286306153939
post_gfc_pre_pandemic,monthly_mixed_frequency_kalman_em,exact,pre_advance,DELTA_SA,19,0.4076744639792161,0.29566025374789884,-0.010748612890137744,0.6842105263157895,1.0,53.73684210526316,9.73990630988427e-05,9.7832318848986e-05,9.984136028569872e-05,0.8420308157752691,0.3423588527740186
post_gfc_pre_pandemic,monthly_mixed_frequency_kalman_em,exact,pre_second,DELTA_TS,19,0.25868121618574075,0.2191109981452597,-0.062061033051695136,0.5789473684210527,1.0,55.421052631578945,9.687716828624535e-05,9.770467184396792e-05,9.984542254691234e-05,0.9886989999437182,0.9346147933887428
post_gfc_pre_pandemic,monthly_mixed_frequency_kalman_em,exact,pre_third,DELTA_MT,20,1.528763786195593,1.202583273179363,-0.16720707150309563,0.3,1.0,53.8,9.682474499496545e-05,9.713293379666677e-05,9.990056115553913e-05,0.9802255098933267,0.8265022523767439
post_gfc_pre_pandemic,monthly_mixed_frequency_kalman_em,pseudo,pre_advance,DELTA_SA,19,0.4057923349473523,0.29322031604646676,-0.009998974626537168,0.6842105263157895,1.0,51.94736842105263,9.787311371571992e-05,9.87081028173392e-05,9.986170670919748e-05,0.8381433742401146,0.3319488309118215
post_gfc_pre_pandemic,monthly_mixed_frequency_kalman_em,pseudo,pre_second,DELTA_TS,19,0.25682620537659495,0.2163890777074768,-0.05957087443448527,0.5789473684210527,1.0,53.63157894736842,9.706258626353613e-05,9.75032052156786e-05,9.989107893503528e-05,0.9816090095728274,0.8933903335891695
post_gfc_pre_pandemic,monthly_mixed_frequency_kalman_em,pseudo,pre_third,DELTA_MT,20,1.5279474104185535,1.202968606161086,-0.170492578367715,0.3,1.0,55.3,9.627582507325582e-05,9.711049373113654e-05,9.987595708171796e-05,0.979702059266396,0.8219082849090731
post_gfc_pre_pandemic,no_revision,exact,pre_advance,DELTA_SA,19,0.464025759833949,0.3086578947368421,-0.15937368421052633,0.0,1.0,0.0,,,,0.9584215436992367,0.6473259455670854
post_gfc_pre_pandemic,no_revision,exact,pre_second,DELTA_TS,19,0.24681615787762692,0.19699999999999998,-0.12559999999999996,0.0,1.0,0.0,,,,0.9433498576423195,0.7656166393456332
post_gfc_pre_pandemic,no_revision,exact,pre_third,DELTA_MT,20,1.445811495493102,1.1277149999999998,-0.21997500000000003,0.0,1.0,0.0,,,,0.9270374685589505,0.3924812669248216
post_gfc_pre_pandemic,no_revision,pseudo,pre_advance,DELTA_SA,19,0.464025759833949,0.3086578947368421,-0.15937368421052633,0.0,1.0,0.0,,,,0.9584215436992367,0.6473259455670854
post_gfc_pre_pandemic,no_revision,pseudo,pre_second,DELTA_TS,19,0.24681615787762692,0.19699999999999998,-0.12559999999999996,0.0,1.0,0.0,,,,0.9433498576423195,0.7656166393456332
post_gfc_pre_pandemic,no_revision,pseudo,pre_third,DELTA_MT,20,1.445811495493102,1.1277149999999998,-0.21997500000000003,0.0,1.0,0.0,,,,0.9270374685589505,0.3924812669248216
post_gfc_pre_pandemic,release_dfm,exact,pre_advance,DELTA_SA,19,0.4334241162810903,0.3080965844744307,-0.06709448255886385,0.631578947368421,1.0,0.0,,,,0.895215409487722,0.36249541401205854
post_gfc_pre_pandemic,release_dfm,exact,pre_second,DELTA_TS,19,0.23367803072891333,0.19282652508460643,-0.08347652398085853,0.631578947368421,1.0,0.0,,,,0.8931349507982926,0.5250341710809384
post_gfc_pre_pandemic,release_dfm,exact,pre_third,DELTA_MT,20,1.3305814140405183,1.0962491066144264,0.15736437086016122,0.55,1.0,0.0,,,,0.8531532842481787,0.09943630228268723
post_gfc_pre_pandemic,release_dfm,pseudo,pre_advance,DELTA_SA,19,0.4334367442822969,0.30829276992032156,-0.06634096997336948,0.631578947368421,1.0,0.0,,,,0.8952414919802427,0.36341923070391974
post_gfc_pre_pandemic,release_dfm,pseudo,pre_second,DELTA_TS,19,0.2336827036321099,0.1928373023409804,-0.08348022234275225,0.631578947368421,1.0,0.0,,,,0.8931528109846077,0.525100545227019
post_gfc_pre_pandemic,release_dfm,pseudo,pre_third,DELTA_MT,20,1.33005242865333,1.096031366866893,0.15738755181996555,0.55,1.0,0.0,,,,0.8528141049874159,0.09815395452402505
post_gfc_pre_pandemic,revision_dfm_kalman_em,exact,pre_advance,DELTA_SA,19,0.42011191704131506,0.2935984386171273,-0.019627742494049527,0.631578947368421,1.0,21.842105263157894,9.369800733696122e-05,9.3004333580743e-05,9.972340991011463e-05,0.8677197408205712,0.3258400125925813
post_gfc_pre_pandemic,revision_dfm_kalman_em,exact,pre_second,DELTA_TS,19,0.2460087146773381,0.19630243554917756,-0.12197256351978264,0.5789473684210527,1.0,22.31578947368421,9.258929138307384e-05,9.295853157561716e-05,9.670390154779014e-05,0.9402637492019459,0.7508063046806301
post_gfc_pre_pandemic,revision_dfm_kalman_em,exact,pre_third,DELTA_MT,20,1.44893278412919,1.1300145551014111,-0.21718390382676125,0.35,1.0,22.35,9.167554475702759e-05,9.180743370853971e-05,9.965469672055152e-05,0.9290388024291407,0.40582468702080654
post_gfc_pre_pandemic,revision_dfm_kalman_em,pseudo,pre_advance,DELTA_SA,19,0.4202007406721821,0.2937991461319115,-0.019285420468869042,0.631578947368421,1.0,21.842105263157894,9.369005452294271e-05,9.300563738648968e-05,9.972338673073972e-05,0.8679032015005193,0.3269938979026305
post_gfc_pre_pandemic,revision_dfm_kalman_em,pseudo,pre_second,DELTA_TS,19,0.24600627330549432,0.19630160961799534,-0.12197245329601317,0.5789473684210527,1.0,22.31578947368421,9.258516554040946e-05,9.295853157561716e-05,9.677785577927154e-05,0.940254418095745,0.7507686347137926
post_gfc_pre_pandemic,revision_dfm_kalman_em,pseudo,pre_third,DELTA_MT,20,1.4489364825090176,1.1300275588789952,-0.21719198847604484,0.35,1.0,22.35,9.163880325266548e-05,9.18078868728023e-05,9.965571978829782e-05,0.9290411737871525,0.4058401687070104
post_gfc_pre_pandemic,spf,exact,pre_advance,DELTA_SA,19,0.464025759833949,0.3086578947368421,-0.15937368421052633,0.0,1.0,0.0,,,,0.9584215436992367,0.6473259455670854
post_gfc_pre_pandemic,spf,exact,pre_second,DELTA_TS,19,0.24681615787762692,0.19699999999999998,-0.12559999999999996,0.0,1.0,0.0,,,,0.9433498576423195,0.7656166393456332
post_gfc_pre_pandemic,spf,exact,pre_third,DELTA_MT,20,1.445811495493102,1.1277149999999998,-0.21997500000000003,0.0,1.0,0.0,,,,0.9270374685589505,0.3924812669248216
post_gfc_pre_pandemic,spf,pseudo,pre_advance,DELTA_SA,19,0.464025759833949,0.3086578947368421,-0.15937368421052633,0.0,1.0,0.0,,,,0.9584215436992367,0.6473259455670854
post_gfc_pre_pandemic,spf,pseudo,pre_second,DELTA_TS,19,0.24681615787762692,0.19699999999999998,-0.12559999999999996,0.0,1.0,0.0,,,,0.9433498576423195,0.7656166393456332
post_gfc_pre_pandemic,spf,pseudo,pre_third,DELTA_MT,20,1.445811495493102,1.1277149999999998,-0.21997500000000003,0.0,1.0,0.0,,,,0.9270374685589505,0.3924812669248216
post_gfc_pre_pandemic,standard_dfm,exact,pre_advance,DELTA_SA,19,0.4334241162810903,0.3080965844744307,-0.06709448255886385,0.631578947368421,1.0,0.0,,,,0.895215409487722,0.36249541401205854
post_gfc_pre_pandemic,standard_dfm,exact,pre_second,DELTA_TS,19,0.22357645883210442,0.1890628416990957,-0.05876251516938462,0.631578947368421,1.0,0.0,,,,0.8545259857582362,0.3516318516060591
post_gfc_pre_pandemic,standard_dfm,exact,pre_third,DELTA_MT,20,1.4466636810088054,1.182453654585955,0.09742008505931224,0.5,1.0,0.0,,,,0.9275838799726672,0.39586873768196673
post_gfc_pre_pandemic,standard_dfm,pseudo,pre_advance,DELTA_SA,19,0.4334367442822969,0.30829276992032156,-0.06634096997336948,0.631578947368421,1.0,0.0,,,,0.8952414919802427,0.36341923070391974
post_gfc_pre_pandemic,standard_dfm,pseudo,pre_second,DELTA_TS,19,0.22357568340788989,0.18907570952794583,-0.05874040921696426,0.631578947368421,1.0,0.0,,,,0.8545230220287596,0.35147011339426854
post_gfc_pre_pandemic,standard_dfm,pseudo,pre_third,DELTA_MT,20,1.4464278102396178,1.1823434446008865,0.09738888132207286,0.5,1.0,0.0,,,,0.9274326423864007,0.3945866244088196
post_pandemic,ar,exact,pre_advance,DELTA_SA,16,0.23488695563745593,0.19005778554149866,0.05798587852851217,0.6875,1.0,0.0,,,,1.0,1.0
post_pandemic,ar,exact,pre_second,DELTA_TS,16,0.22847372665737734,0.17199718816374077,-0.026174208530886874,0.625,1.0,0.0,,,,1.0,1.0
post_pandemic,ar,exact,pre_third,DELTA_MT,16,3.431749602530511,1.533234643803426,-0.9643568279656531,0.3125,1.0,0.0,,,,1.0,1.0
post_pandemic,ar,pseudo,pre_advance,DELTA_SA,16,0.23488695563745593,0.19005778554149866,0.05798587852851217,0.6875,1.0,0.0,,,,1.0,1.0
post_pandemic,ar,pseudo,pre_second,DELTA_TS,16,0.22847372665737734,0.17199718816374077,-0.026174208530886874,0.625,1.0,0.0,,,,1.0,1.0
post_pandemic,ar,pseudo,pre_third,DELTA_MT,16,3.431749602530511,1.533234643803426,-0.9643568279656531,0.3125,1.0,0.0,,,,1.0,1.0
post_pandemic,bridge,exact,pre_advance,DELTA_SA,16,0.2847132370283674,0.23496157419193348,0.051031713383437705,0.625,1.0,0.0,,,,1.2121287717135623,0.06746915821197776
post_pandemic,bridge,exact,pre_second,DELTA_TS,16,0.3580060655557573,0.28433107242034966,0.06568055394919665,0.5,1.0,0.0,,,,1.5669463215463222,0.0010252370641222579
post_pandemic,bridge,exact,pre_third,DELTA_MT,16,1.5508978649473313,1.1234993789238223,-0.3500662197814124,0.5,1.0,0.0,,,,0.4519262896697727,0.3599599582056056
post_pandemic,bridge,pseudo,pre_advance,DELTA_SA,16,0.2889119586783933,0.2353549108144838,0.05214337194641981,0.625,1.0,0.0,,,,1.2300042711793842,0.07534900152380351
post_pandemic,bridge,pseudo,pre_second,DELTA_TS,16,0.3616346566357425,0.2872040888882249,0.06582083161076192,0.4375,1.0,0.0,,,,1.5828281961630333,0.0005172078391980303
post_pandemic,bridge,pseudo,pre_third,DELTA_MT,16,1.5525486165526217,1.1154010158968568,-0.340232577387737,0.4375,1.0,0.0,,,,0.452407312995039,0.36022124120918775
post_pandemic,indicator_revision_only_dfm_kalman_em,exact,pre_advance,DELTA_SA,16,0.2127538160644833,0.17186249999999997,-0.03735,0.0,1.0,44.5625,8.612684936907053e-05,8.76855648666796e-05,9.864058582081232e-05,0.905771099493772,0.06583657878703136
post_pandemic,indicator_revision_only_dfm_kalman_em,exact,pre_second,DELTA_TS,16,0.24261148854701833,0.17103125000000002,-0.09706875000000001,0.0,1.0,44.3125,8.761305716925604e-05,8.667361447916478e-05,9.898016106139089e-05,1.0618791582580618,0.1767422809715533
post_pandemic,indicator_revision_only_dfm_kalman_em,exact,pre_third,DELTA_MT,16,0.598686342127495,0.5017125,-0.21213750000000003,0.0,1.0,39.875,8.665188327499318e-05,8.485129870646572e-05,9.86442821880866e-05,0.17445513556293105,0.24621544760784386
post_pandemic,indicator_revision_only_dfm_kalman_em,pseudo,pre_advance,DELTA_SA,16,0.2127538160644833,0.17186249999999997,-0.03735,0.0,1.0,44.5625,8.598152262646392e-05,8.75136850420619e-05,9.77685007825305e-05,0.905771099493772,0.06583657878703136
post_pandemic,indicator_revision_only_dfm_kalman_em,pseudo,pre_second,DELTA_TS,16,0.24261148854701833,0.17103125000000002,-0.09706875000000001,0.0,1.0,44.25,9.005152635265941e-05,9.157168564918955e-05,9.970365797866456e-05,1.0618791582580618,0.1767422809715533
post_pandemic,indicator_revision_only_dfm_kalman_em,pseudo,pre_third,DELTA_MT,16,0.598686342127495,0.5017125,-0.21213750000000003,0.0,1.0,39.8125,8.784821394922578e-05,8.666528839032797e-05,9.92813799983159e-05,0.17445513556293105,0.24621544760784386
post_pandemic,joint_indicator_revision_dfm_full_kalman_em,exact,pre_advance,DELTA_SA,16,0.3860608878334529,0.29749547736368626,0.06318391891139026,0.5625,1.0,43.625,8.981558734078884e-05,9.007372871727327e-05,9.968050670793468e-05,1.643602927143095,0.024377569877526407
post_pandemic,joint_indicator_revision_dfm_full_kalman_em,exact,pre_second,DELTA_TS,16,0.24577988135236725,0.1751023189405695,-0.09111490116202395,0.5625,1.0,42.6875,9.202343808179246e-05,9.248095941289618e-05,9.987919939944776e-05,1.0757468044496097,0.1106066619694343
post_pandemic,joint_indicator_revision_dfm_full_kalman_em,exact,pre_third,DELTA_MT,16,0.6004040874579081,0.5027885510419701,-0.21040573119571604,0.4375,1.0,42.25,9.140891442120296e-05,9.294895380178368e-05,9.800116441331152e-05,0.1749556806286743,0.2462953211710793
post_pandemic,joint_indicator_revision_dfm_full_kalman_em,pseudo,pre_advance,DELTA_SA,16,0.3885767793618205,0.31133099892104565,0.07965776309442378,0.5,1.0,43.3125,9.050304145939806e-05,9.060331802094817e-05,9.842853447342195e-05,1.6543140009936619,0.018417233684621784
post_pandemic,joint_indicator_revision_dfm_full_kalman_em,pseudo,pre_second,DELTA_TS,16,0.2458045066476739,0.17509460264021906,-0.09114708252637876,0.5625,1.0,41.25,9.233903956162504e-05,9.270969264875734e-05,9.87095440496658e-05,1.0758545861874353,0.11077902839215552
post_pandemic,joint_indicator_revision_dfm_full_kalman_em,pseudo,pre_third,DELTA_MT,16,0.6003921653049701,0.5027763470190688,-0.21039152366398742,0.4375,1.0,42.125,9.362482663408098e-05,9.337089976650865e-05,9.91641390419219e-05,0.17495220655442098,0.24629532906358934
post_pandemic,midas_umidas,exact,pre_advance,DELTA_SA,16,0.7506557698588151,0.5900194182779851,0.33417498828012215,0.625,1.0,0.0,,,,3.1958171871299643,0.004459498659705704
post_pandemic,midas_umidas,exact,pre_second,DELTA_TS,16,0.478830828368587,0.4044839560153196,0.11180087205046627,0.4375,1.0,0.0,,,,2.0957807069284993,0.0037281685578725698
post_pandemic,midas_umidas,exact,pre_third,DELTA_MT,16,2.236692328516026,1.502226163050365,0.4181256451467605,0.5,1.0,0.0,,,,0.6517644314336712,0.5311722393729109
post_pandemic,midas_umidas,pseudo,pre_advance,DELTA_SA,16,0.8267595556479442,0.6214845877327821,0.30168098158789036,0.6875,1.0,0.0,,,,3.519818941857434,0.00879195080579693
post_pandemic,midas_umidas,pseudo,pre_second,DELTA_TS,16,0.48029167443216547,0.4072485824400825,0.11246542434794493,0.4375,1.0,0.0,,,,2.102174641517614,0.003966032852482772
post_pandemic,midas_umidas,pseudo,pre_third,DELTA_MT,16,2.214638682280157,1.4490115260272296,0.46084601986093165,0.5625,1.0,0.0,,,,0.6453380749711815,0.5244666504430371
post_pandemic,monthly_mixed_frequency_kalman_em,exact,pre_advance,DELTA_SA,16,0.23027904511909697,0.1789024114592014,0.08259512272916052,0.6875,1.0,29.0625,9.490226177168889e-05,9.511034730575607e-05,9.992598888191642e-05,0.9803824333034858,0.853656431046919
post_pandemic,monthly_mixed_frequency_kalman_em,exact,pre_second,DELTA_TS,16,0.2505354901423459,0.19634891489306672,-0.022470586458796626,0.625,1.0,29.25,9.491774025069249e-05,9.472387253542968e-05,9.996191110796264e-05,1.0965614900572471,0.18919986034378639
post_pandemic,monthly_mixed_frequency_kalman_em,exact,pre_third,DELTA_MT,16,0.6064477464458573,0.5143231712401604,-0.1650034727676854,0.5625,1.0,29.0,9.514151266859608e-05,9.531284815271528e-05,9.999501178685108e-05,0.17671678201657648,0.24662353717322597
post_pandemic,monthly_mixed_frequency_kalman_em,pseudo,pre_advance,DELTA_SA,16,0.23040967262485773,0.17887095352019317,0.08255942360133005,0.6875,1.0,29.0625,9.495694037718509e-05,9.522298895268621e-05,9.994961427105884e-05,0.9809385625504516,0.857625690742122
post_pandemic,monthly_mixed_frequency_kalman_em,pseudo,pre_second,DELTA_TS,16,0.2447577488978397,0.19217478172209507,-0.027062513523640332,0.625,1.0,29.1875,9.437061877129292e-05,9.422090172382961e-05,9.86044239880977e-05,1.0712730626785902,0.16657699815155622
post_pandemic,monthly_mixed_frequency_kalman_em,pseudo,pre_third,DELTA_MT,16,0.6063718089770107,0.5141769430192354,-0.1653408411636387,0.5625,1.0,29.125,9.416786814293449e-05,9.411801496926023e-05,9.985588163132708e-05,0.17669465410002028,0.24661339917357178
post_pandemic,no_revision,exact,pre_advance,DELTA_SA,16,0.2127538160644833,0.17186249999999997,-0.03735,0.0,1.0,0.0,,,,0.905771099493772,0.06583657878703136
post_pandemic,no_revision,exact,pre_second,DELTA_TS,16,0.24261148854701833,0.17103125000000002,-0.09706875000000001,0.0,1.0,0.0,,,,1.0618791582580618,0.1767422809715533
post_pandemic,no_revision,exact,pre_third,DELTA_MT,16,0.598686342127495,0.5017125,-0.21213750000000003,0.0,1.0,0.0,,,,0.17445513556293105,0.24621544760784386
post_pandemic,no_revision,pseudo,pre_advance,DELTA_SA,16,0.2127538160644833,0.17186249999999997,-0.03735,0.0,1.0,0.0,,,,0.905771099493772,0.06583657878703136
post_pandemic,no_revision,pseudo,pre_second,DELTA_TS,16,0.24261148854701833,0.17103125000000002,-0.09706875000000001,0.0,1.0,0.0,,,,1.0618791582580618,0.1767422809715533
post_pandemic,no_revision,pseudo,pre_third,DELTA_MT,16,0.598686342127495,0.5017125,-0.21213750000000003,0.0,1.0,0.0,,,,0.17445513556293105,0.24621544760784386
post_pandemic,release_dfm,exact,pre_advance,DELTA_SA,16,0.21797308170759236,0.16482405851079096,0.05886989233245224,0.6875,1.0,0.0,,,,0.9279914293922313,0.0480040792528405
post_pandemic,release_dfm,exact,pre_second,DELTA_TS,16,0.22914072267227936,0.1656416840876689,-0.048255927071425585,0.625,1.0,0.0,,,,1.0029193554316302,0.8293197241806859
post_pandemic,release_dfm,exact,pre_third,DELTA_MT,16,0.5703117344973598,0.4280093703188148,0.14600799003709494,0.625,1.0,0.0,,,,0.16618687274759852,0.24639490551772023
post_pandemic,release_dfm,pseudo,pre_advance,DELTA_SA,16,0.21799009440804967,0.16484164649055352,0.05890497639304927,0.6875,1.0,0.0,,,,0.9280638587036468,0.048251769073565445
post_pandemic,release_dfm,pseudo,pre_second,DELTA_TS,16,0.2290851344100203,0.16558225842027477,-0.04828658516669515,0.625,1.0,0.0,,,,1.0026760527855347,0.8429979475205224
post_pandemic,release_dfm,pseudo,pre_third,DELTA_MT,16,0.5691620106984283,0.4270391563663691,0.14710984024508023,0.625,1.0,0.0,,,,0.16585184719734167,0.24634728855618063
post_pandemic,revision_dfm_kalman_em,exact,pre_advance,DELTA_SA,16,0.20335402851638848,0.14754466682960504,0.10552855459760202,0.75,1.0,27.5625,9.411031721180289e-05,9.472314254076818e-05,9.94211955847727e-05,0.8657527531254737,0.28542082052454665
post_pandemic,revision_dfm_kalman_em,exact,pre_second,DELTA_TS,16,0.2423854575155621,0.17167751838636636,-0.09195210972708445,0.5625,1.0,27.0,9.354261809323323e-05,9.38855488397548e-05,9.986560587699332e-05,1.0608898496195451,0.16381905554692397
post_pandemic,revision_dfm_kalman_em,exact,pre_third,DELTA_MT,16,0.5993222063870517,0.5023637633005158,-0.20999692994768207,0.5625,1.0,27.125,9.29207497408681e-05,9.265657481584029e-05,9.92802752809354e-05,0.17464042421542705,0.24624448398722093
post_pandemic,revision_dfm_kalman_em,pseudo,pre_advance,DELTA_SA,16,0.20342916697816488,0.14738298079716056,0.10543717922767164,0.75,1.0,27.5625,9.426156877424919e-05,9.473046008503421e-05,9.94481534520702e-05,0.8660726451414968,0.2866170727914153
post_pandemic,revision_dfm_kalman_em,pseudo,pre_second,DELTA_TS,16,0.24236141034164263,0.1715023567757666,-0.0921495139728321,0.5625,1.0,27.0,9.334671666039247e-05,9.391961503975268e-05,9.986307102550884e-05,1.0607845982443813,0.16547918653891988
post_pandemic,revision_dfm_kalman_em,pseudo,pre_third,DELTA_MT,16,0.5993155224181258,0.5023563389354287,-0.2100014504582167,0.5625,1.0,27.125,9.322133593597415e-05,9.432584868699609e-05,9.928114727532544e-05,0.1746384765299313,0.2462441371057944
post_pandemic,spf,exact,pre_advance,DELTA_SA,16,0.2127538160644833,0.17186249999999997,-0.03735,0.0,1.0,0.0,,,,0.905771099493772,0.06583657878703136
post_pandemic,spf,exact,pre_second,DELTA_TS,16,0.24261148854701833,0.17103125000000002,-0.09706875000000001,0.0,1.0,0.0,,,,1.0618791582580618,0.1767422809715533
post_pandemic,spf,exact,pre_third,DELTA_MT,16,0.598686342127495,0.5017125,-0.21213750000000003,0.0,1.0,0.0,,,,0.17445513556293105,0.24621544760784386
post_pandemic,spf,pseudo,pre_advance,DELTA_SA,16,0.2127538160644833,0.17186249999999997,-0.03735,0.0,1.0,0.0,,,,0.905771099493772,0.06583657878703136
post_pandemic,spf,pseudo,pre_second,DELTA_TS,16,0.24261148854701833,0.17103125000000002,-0.09706875000000001,0.0,1.0,0.0,,,,1.0618791582580618,0.1767422809715533
post_pandemic,spf,pseudo,pre_third,DELTA_MT,16,0.598686342127495,0.5017125,-0.21213750000000003,0.0,1.0,0.0,,,,0.17445513556293105,0.24621544760784386
post_pandemic,standard_dfm,exact,pre_advance,DELTA_SA,16,0.21797308170759236,0.16482405851079096,0.05886989233245224,0.6875,1.0,0.0,,,,0.9279914293922313,0.0480040792528405
post_pandemic,standard_dfm,exact,pre_second,DELTA_TS,16,0.22658580721875066,0.1689888425850505,-0.027600742737959285,0.625,1.0,0.0,,,,0.9917368203939798,0.4362484281100561
post_pandemic,standard_dfm,exact,pre_third,DELTA_MT,16,0.9077951411664545,0.7521352217153874,-0.2871330717835672,0.4375,1.0,0.0,,,,0.26452837366020604,0.27258685466200594
post_pandemic,standard_dfm,pseudo,pre_advance,DELTA_SA,16,0.21799009440804967,0.16484164649055352,0.05890497639304927,0.6875,1.0,0.0,,,,0.9280638587036468,0.048251769073565445
post_pandemic,standard_dfm,pseudo,pre_second,DELTA_TS,16,0.22677069884494594,0.16925239002450293,-0.02737677909174309,0.625,1.0,0.0,,,,0.9925460671677786,0.4785256297899706
post_pandemic,standard_dfm,pseudo,pre_third,DELTA_MT,16,0.9048588661275887,0.7509460131162096,-0.2862696216616184,0.4375,1.0,0.0,,,,0.26367275323944434,0.2722691614564511
