subsample,model_id,timing_mode,checkpoint_id,target_id,n_forecasts,RMSE,MAE,bias,sign_accuracy,convergence_rate,mean_iterations,mean_llf_relative_last_improvement,median_llf_relative_last_improvement,max_llf_relative_last_improvement,relative_RMSFE,DM_test_vs_ar_normal_approx
full_sample,ar,exact,pre_advance,A,80,7.136876466075766,2.4019986787197354,-0.034883682192518715,0.9125,1.0,0.0,,,,1.0,1.0
full_sample,ar,exact,pre_second,S,79,6.942115480721942,2.4901407735357477,0.04251227511661703,0.8987341772151899,1.0,0.0,,,,1.0,1.0
full_sample,ar,exact,pre_third,T,80,6.853900266254954,2.504536216607909,0.0681353139194,0.9,1.0,0.0,,,,1.0,1.0
full_sample,ar,pseudo,pre_advance,A,80,7.136876466075766,2.4019986787197354,-0.034883682192518715,0.9125,1.0,0.0,,,,1.0,1.0
full_sample,ar,pseudo,pre_second,S,79,6.942115480721942,2.4901407735357477,0.04251227511661703,0.8987341772151899,1.0,0.0,,,,1.0,1.0
full_sample,ar,pseudo,pre_third,T,80,6.853900266254954,2.504536216607909,0.0681353139194,0.9,1.0,0.0,,,,1.0,1.0
full_sample,bridge,exact,pre_advance,A,80,4.873697083215683,2.0735239008375914,-0.08665986755251001,0.9,1.0,0.0,,,,0.6828893713352308,0.2818032959767955
full_sample,bridge,exact,pre_second,S,79,4.54265384858136,2.0823601603453783,-0.05675651704617026,0.9113924050632911,1.0,0.0,,,,0.6543616079559872,0.270453168580268
full_sample,bridge,exact,pre_third,T,80,4.4019297631577015,2.034724902716331,-0.03986372387584943,0.9,1.0,0.0,,,,0.642251797101647,0.2654012027336565
full_sample,bridge,pseudo,pre_advance,A,80,4.853299396730429,2.061680360176223,-0.06262122829072417,0.9,1.0,0.0,,,,0.6800313021809988,0.28185111336117713
full_sample,bridge,pseudo,pre_second,S,79,4.542167880186523,2.0691295163901073,-0.05619203697229961,0.9113924050632911,1.0,0.0,,,,0.654291605030195,0.2694069314258715
full_sample,bridge,pseudo,pre_third,T,80,4.398694165093339,2.023836204423721,-0.03724439196404866,0.9,1.0,0.0,,,,0.6417797158138154,0.26464712289372394
full_sample,indicator_revision_only_dfm_kalman_em,exact,pre_advance,A,80,3.784987466876214,2.2555740707721297,0.2573617264767346,0.8875,1.0,32.4125,9.24887273012284e-05,9.542327269024338e-05,9.998334228583656e-05,0.5303422981843205,0.3193752753840801
full_sample,indicator_revision_only_dfm_kalman_em,exact,pre_second,S,79,0.6032557998202812,0.4469973572480728,-0.013000566511865834,0.9746835443037974,1.0,33.08860759493671,9.195032600929292e-05,9.423655901982396e-05,9.9970799643522e-05,0.08689797821651131,0.24098096316248493
full_sample,indicator_revision_only_dfm_kalman_em,exact,pre_third,T,80,0.3738022973936841,0.24393041188222542,-0.0496017869511123,1.0,1.0,32.65,9.204901379061519e-05,9.441686351281122e-05,9.999513786038743e-05,0.05453862514371452,0.2345195788312457
full_sample,indicator_revision_only_dfm_kalman_em,pseudo,pre_advance,A,80,3.7840616348302256,2.2465509866805986,0.27518656044418255,0.8875,1.0,32.95,9.130450712253467e-05,9.461788445919815e-05,9.996425230545332e-05,0.5302125730797332,0.3191529624266215
full_sample,indicator_revision_only_dfm_kalman_em,pseudo,pre_second,S,79,0.6029134468445192,0.446284584801427,-0.013412107457310436,0.9746835443037974,1.0,33.0253164556962,9.14298562728059e-05,9.409275920241196e-05,9.996427437702558e-05,0.08684866284906853,0.24097656861119746
full_sample,indicator_revision_only_dfm_kalman_em,pseudo,pre_third,T,80,0.37376017704993814,0.24389352922115198,-0.04960028563616008,1.0,1.0,32.625,9.197566960546854e-05,9.46512215869921e-05,9.999513786038743e-05,0.05453247968753487,0.23451923512431197
full_sample,joint_indicator_revision_dfm_full_kalman_em,exact,pre_advance,A,80,3.7280853015923556,2.1267522151276217,0.09856698751402271,0.875,1.0,33.9625,9.113094120127133e-05,9.399171291814718e-05,9.974882774827832e-05,0.5223693193112329,0.30932672141438966
full_sample,joint_indicator_revision_dfm_full_kalman_em,exact,pre_second,S,79,0.6706226369103132,0.4939335814641788,0.056156311607945264,0.9620253164556962,1.0,35.063291139240505,9.069677964295283e-05,9.414941378616832e-05,9.998988823048692e-05,0.09660205722198274,0.24133109819490925
full_sample,joint_indicator_revision_dfm_full_kalman_em,exact,pre_third,T,80,0.3741257139876896,0.24766870863971358,-0.039192455004135776,1.0,1.0,34.6,9.334603216492197e-05,9.504258544803337e-05,9.987787642031328e-05,0.05458581237747073,0.23452809567209476
full_sample,joint_indicator_revision_dfm_full_kalman_em,pseudo,pre_advance,A,80,3.7264642906474355,2.122995446467198,0.10288055450695592,0.875,1.0,34.025,9.110291445046126e-05,9.406613249652146e-05,9.974882774827832e-05,0.5221421876027572,0.30910859139491276
full_sample,joint_indicator_revision_dfm_full_kalman_em,pseudo,pre_second,S,79,0.6700979588145641,0.4927689732036538,0.055588996657429994,0.9620253164556962,1.0,34.88607594936709,9.019317761976737e-05,9.40744079032287e-05,9.992607776616055e-05,0.09652647822920941,0.24132113564166507
full_sample,joint_indicator_revision_dfm_full_kalman_em,pseudo,pre_third,T,80,0.37413495690722287,0.24769162817809515,-0.03919619269245774,1.0,1.0,34.6375,9.311549562948372e-05,9.471667539603167e-05,9.99146135028884e-05,0.05458716094094177,0.23452816820866762
full_sample,midas_umidas,exact,pre_advance,A,80,13.366462459510315,8.137926816907179,-1.4902070873138524,0.6125,1.0,0.0,,,,1.8728728909693326,0.0083242888720876
full_sample,midas_umidas,exact,pre_second,S,79,4.770330173181986,2.073561429579366,0.42856838831049837,0.8607594936708861,1.0,0.0,,,,0.6871579976491399,0.32095993122958244
full_sample,midas_umidas,exact,pre_third,T,80,6.1904905088081,2.464334501422958,0.3600422160925771,0.875,1.0,0.0,,,,0.9032069724280729,0.38712823997285645
full_sample,midas_umidas,pseudo,pre_advance,A,80,13.55397343598597,8.229496807262095,-1.5805326543914462,0.6125,1.0,0.0,,,,1.8991464263691626,0.010005705988889465
full_sample,midas_umidas,pseudo,pre_second,S,79,4.762771639416987,2.056091631828908,0.3916317728814474,0.8734177215189873,1.0,0.0,,,,0.6860692036372874,0.3194511717780323
full_sample,midas_umidas,pseudo,pre_third,T,80,6.186914482958165,2.466880937795325,0.382818506285351,0.875,1.0,0.0,,,,0.9026852219340452,0.38511783077306916
full_sample,monthly_mixed_frequency_kalman_em,exact,pre_advance,A,80,4.570081062994013,2.231619660998978,0.3694077116585962,0.925,0.95,54.2,9.88669485472031e-05,9.622394074179557e-05,0.0002497264417364,0.6403475084257534,0.3208646016077185
full_sample,monthly_mixed_frequency_kalman_em,exact,pre_second,S,79,0.5987193264333203,0.4003622000984285,-0.002190841921077715,0.9620253164556962,0.9493670886075949,52.78481012658228,9.952550011529269e-05,9.653177612242742e-05,0.0002134254350393,0.08624450689360424,0.24064251124269054
full_sample,monthly_mixed_frequency_kalman_em,exact,pre_third,T,80,0.3738436225853603,0.262611997876623,-0.01607990369702008,1.0,0.9125,51.8875,0.000108766239843085,9.74179297847804e-05,0.0003507752004166,0.05454465458535663,0.23447252703691934
full_sample,monthly_mixed_frequency_kalman_em,pseudo,pre_advance,A,80,4.569555660049326,2.2333056955513895,0.3710526325330791,0.925,0.95,54.1625,9.905228017148675e-05,9.643907255108069e-05,0.0002497264417364,0.6402738903734886,0.32108989027155044
full_sample,monthly_mixed_frequency_kalman_em,pseudo,pre_second,S,79,0.5987309815870594,0.40013197165918213,-0.002838145307299563,0.9620253164556962,0.9493670886075949,53.25316455696203,9.962499923626641e-05,9.664965014157704e-05,0.0002134254350393,0.08624618579879842,0.24064272256930408
full_sample,monthly_mixed_frequency_kalman_em,pseudo,pre_third,T,80,0.3695594597533699,0.26038020641905385,-0.015376198785845252,1.0,0.925,51.925,0.00010792532704528198,9.733896253566754e-05,0.0003633765340944,0.053919585257592495,0.2344388459009777
full_sample,no_revision,exact,pre_advance,A,80,7.26944298718703,2.553570419453158,-0.19438472290895642,0.8875,1.0,0.0,,,,1.0185748655930085,0.22212807854117209
full_sample,no_revision,exact,pre_second,S,79,0.5696627235545563,0.3997025316455695,-0.0657987341772152,0.9620253164556962,1.0,0.0,,,,0.08205895236639228,0.24061652852272167
full_sample,no_revision,exact,pre_third,T,80,0.36218671255306983,0.24027250000000003,-0.04849250000000001,1.0,1.0,0.0,,,,0.05284388428239744,0.23443813071150568
full_sample,no_revision,pseudo,pre_advance,A,80,7.26944298718703,2.553570419453158,-0.19438472290895642,0.8875,1.0,0.0,,,,1.0185748655930085,0.22212807854117209
full_sample,no_revision,pseudo,pre_second,S,79,0.5696627235545563,0.3997025316455695,-0.0657987341772152,0.9620253164556962,1.0,0.0,,,,0.08205895236639228,0.24061652852272167
full_sample,no_revision,pseudo,pre_third,T,80,0.36218671255306983,0.24027250000000003,-0.04849250000000001,1.0,1.0,0.0,,,,0.05284388428239744,0.23443813071150568
full_sample,release_dfm,exact,pre_advance,A,80,3.0658631497628757,1.6259560683385963,0.5613778136832768,0.9375,1.0,0.0,,,,0.42958052648607076,0.27960032372167715
full_sample,release_dfm,exact,pre_second,S,79,0.6907381923525489,0.44206052629143283,-0.007504839600181482,0.9620253164556962,1.0,0.0,,,,0.0994996689799686,0.24078577815303023
full_sample,release_dfm,exact,pre_third,T,80,0.4446166872002175,0.28661966943844286,-0.004436688674578854,1.0,1.0,0.0,,,,0.06487060942355394,0.2348792399098964
full_sample,release_dfm,pseudo,pre_advance,A,80,3.051686880620195,1.617840274844697,0.5850074419094152,0.9375,1.0,0.0,,,,0.4275941856533457,0.27982184458765197
full_sample,release_dfm,pseudo,pre_second,S,79,0.6904136306729566,0.4416792069701228,-0.00793407894825467,0.9620253164556962,1.0,0.0,,,,0.09945291641866455,0.2407824647543425
full_sample,release_dfm,pseudo,pre_third,T,80,0.4446354112046444,0.2866479518602379,-0.004369775270577034,1.0,1.0,0.0,,,,0.0648733412993764,0.23487940356532205
full_sample,revision_dfm_kalman_em,exact,pre_advance,A,80,3.4608889350583403,1.8943951598074562,0.141496227833033,0.95,1.0,26.775,9.303923828340558e-05,9.461860964307217e-05,9.993619729766532e-05,0.48493048065343924,0.2910310350587737
full_sample,revision_dfm_kalman_em,exact,pre_second,S,79,0.6692819083448048,0.45401483495797423,0.06398247631335884,0.9620253164556962,1.0,27.189873417721518,9.311152748880257e-05,9.413889363531712e-05,9.980025456886206e-05,0.09640892753849771,0.24070918038446731
full_sample,revision_dfm_kalman_em,exact,pre_third,T,80,0.37461338499501057,0.24677433807496157,-0.039301867400861494,1.0,1.0,26.0625,9.240964097377479e-05,9.371871046059954e-05,9.95723951507454e-05,0.05465696471240067,0.23452291305771583
full_sample,revision_dfm_kalman_em,pseudo,pre_advance,A,80,3.44783399315148,1.8837685899398138,0.14578075412877542,0.95,1.0,26.7625,9.289161186816588e-05,9.438176188684104e-05,9.988817683891283e-05,0.4831012571872751,0.29102847394794373
full_sample,revision_dfm_kalman_em,pseudo,pre_second,S,79,0.6691157141066489,0.4535475328283066,0.0635749017955706,0.9620253164556962,1.0,27.189873417721518,9.313113183122247e-05,9.401595464348744e-05,9.980025456886206e-05,0.09638498753942719,0.24070798984344693
full_sample,revision_dfm_kalman_em,pseudo,pre_third,T,80,0.37454614265195574,0.24672768278685533,-0.039337368450379606,1.0,1.0,26.0875,9.249485546978186e-05,9.453822772037996e-05,9.998297841371269e-05,0.05464715389805516,0.23452236467943346
full_sample,spf,exact,pre_advance,A,80,2.2249600782092696,1.3380662499999998,0.03248624999999996,0.9375,1.0,0.0,,,,0.3117554421440996,0.26768986957022556
full_sample,spf,exact,pre_second,S,79,2.3374416593545337,1.447506329113924,-0.03323291139240504,0.9240506329113924,1.0,0.0,,,,0.3367045198031556,0.2628380345680621
full_sample,spf,exact,pre_third,T,80,2.380187605841187,1.481165,-0.08098250000000004,0.925,1.0,0.0,,,,0.3472749111276093,0.2602399358112015
full_sample,spf,pseudo,pre_advance,A,80,2.2249600782092696,1.3380662499999998,0.03248624999999996,0.9375,1.0,0.0,,,,0.3117554421440996,0.26768986957022556
full_sample,spf,pseudo,pre_second,S,79,2.3374416593545337,1.447506329113924,-0.03323291139240504,0.9240506329113924,1.0,0.0,,,,0.3367045198031556,0.2628380345680621
full_sample,spf,pseudo,pre_third,T,80,2.380187605841187,1.481165,-0.08098250000000004,0.925,1.0,0.0,,,,0.3472749111276093,0.2602399358112015
full_sample,standard_dfm,exact,pre_advance,A,80,3.0658631497628757,1.6259560683385963,0.5613778136832768,0.9375,1.0,0.0,,,,0.42958052648607076,0.27960032372167715
full_sample,standard_dfm,exact,pre_second,S,79,2.9233852978395793,1.6559888022137654,0.6257983634253163,0.9240506329113924,1.0,0.0,,,,0.4211087104439184,0.2744965311860729
full_sample,standard_dfm,exact,pre_third,T,80,2.90714669134318,1.6952067512158628,0.626428932902157,0.925,1.0,0.0,,,,0.4241594680997126,0.2717458289376126
full_sample,standard_dfm,pseudo,pre_advance,A,80,3.051686880620195,1.617840274844697,0.5850074419094152,0.9375,1.0,0.0,,,,0.4275941856533457,0.27982184458765197
full_sample,standard_dfm,pseudo,pre_second,S,79,2.91628596847266,1.6502216253940645,0.629068819194277,0.9240506329113924,1.0,0.0,,,,0.42008606404936705,0.2743282134857842
full_sample,standard_dfm,pseudo,pre_third,T,80,2.9061285663703322,1.6923315853777292,0.6300497207873995,0.925,1.0,0.0,,,,0.4240109212966813,0.2716077212223805
exclude_pandemic,ar,exact,pre_advance,A,78,1.955340304602206,1.3819824279816235,0.2318174777513638,0.9230769230769231,1.0,0.0,,,,1.0,1.0
exclude_pandemic,ar,exact,pre_second,S,77,2.148887281469643,1.505226937203209,0.29400219302774544,0.9090909090909091,1.0,0.0,,,,1.0,1.0
exclude_pandemic,ar,exact,pre_third,T,78,2.2122920324761766,1.5428210710106145,0.30938721362418686,0.9102564102564102,1.0,0.0,,,,1.0,1.0
exclude_pandemic,ar,pseudo,pre_advance,A,78,1.955340304602206,1.3819824279816235,0.2318174777513638,0.9230769230769231,1.0,0.0,,,,1.0,1.0
exclude_pandemic,ar,pseudo,pre_second,S,77,2.148887281469643,1.505226937203209,0.29400219302774544,0.9090909090909091,1.0,0.0,,,,1.0,1.0
exclude_pandemic,ar,pseudo,pre_third,T,78,2.2122920324761766,1.5428210710106145,0.30938721362418686,0.9102564102564102,1.0,0.0,,,,1.0,1.0
exclude_pandemic,bridge,exact,pre_advance,A,78,1.958355764518711,1.417030392838733,0.061817000994406096,0.9102564102564102,1.0,0.0,,,,1.001542166296786,0.9889655551684667
exclude_pandemic,bridge,exact,pre_second,S,77,2.0131103747964803,1.483290584720542,0.07607353328839869,0.9090909090909091,1.0,0.0,,,,0.9368152495275119,0.6331501736396408
exclude_pandemic,bridge,exact,pre_third,T,78,1.9796101076496955,1.4592498238850313,0.08224223256340737,0.8974358974358975,1.0,0.0,,,,0.8948231420577668,0.39445624117810313
exclude_pandemic,bridge,pseudo,pre_advance,A,78,1.946279977690671,1.4063615106870493,0.0799861159821692,0.9102564102564102,1.0,0.0,,,,0.9953663682530298,0.9671043532436799
exclude_pandemic,bridge,pseudo,pre_second,S,77,1.9956368167553415,1.4685898650752918,0.0775026106608656,0.9090909090909091,1.0,0.0,,,,0.9286838048529507,0.589400819872913
exclude_pandemic,bridge,pseudo,pre_third,T,78,1.9696860338630264,1.4479114135768147,0.08509924145540869,0.8974358974358975,1.0,0.0,,,,0.8903372633216032,0.3728376685500984
exclude_pandemic,indicator_revision_only_dfm_kalman_em,exact,pre_advance,A,78,2.583776138991323,1.9436436974658533,0.5263574954541742,0.8846153846153846,1.0,32.256410256410255,9.259216374548987e-05,9.554992020931243e-05,9.998334228583656e-05,1.3213946098845264,0.008062024550300277
exclude_pandemic,indicator_revision_only_dfm_kalman_em,exact,pre_second,S,77,0.5950857716765764,0.4397742615474311,0.005495173104002053,0.974025974025974,1.0,32.97402597402598,9.211576470941979e-05,9.470560952095012e-05,9.9970799643522e-05,0.2769274018270479,0.000782280594353261
exclude_pandemic,indicator_revision_only_dfm_kalman_em,exact,pre_third,T,78,0.37308225103453235,0.23990993107897735,-0.04059852089322035,1.0,1.0,32.47435897435897,9.207323850893618e-05,9.460808122436457e-05,9.999513786038743e-05,0.16864059787665034,0.00040690422147780754
exclude_pandemic,indicator_revision_only_dfm_kalman_em,pseudo,pre_advance,A,78,2.579851826295758,1.9353281644909093,0.5465924297419513,0.8846153846153846,1.0,32.794871794871796,9.143652041741683e-05,9.484120056289696e-05,9.996425230545332e-05,1.319387638163886,0.008767023502905117
exclude_pandemic,indicator_revision_only_dfm_kalman_em,pseudo,pre_second,S,77,0.5947019684072089,0.4390351696616783,0.005080748652415334,0.974025974025974,1.0,32.90909090909091,9.144155345031084e-05,9.410564535465523e-05,9.996427437702558e-05,0.276748796242345,0.0007809384677755479
exclude_pandemic,indicator_revision_only_dfm_kalman_em,pseudo,pre_third,T,78,0.3730390022514235,0.23987213621601378,-0.04059701459038107,1.0,1.0,32.44871794871795,9.199802235104432e-05,9.479505704891163e-05,9.999513786038743e-05,0.16862104856648966,0.0004068237389918111
exclude_pandemic,joint_indicator_revision_dfm_full_kalman_em,exact,pre_advance,A,78,2.4308260831567807,1.7987621023617328,0.36124581651390425,0.8717948717948718,1.0,33.84615384615385,9.110436290282189e-05,9.420213447715466e-05,9.974882774827832e-05,1.2431729031695624,0.028813234711570445
exclude_pandemic,joint_indicator_revision_dfm_full_kalman_em,exact,pre_second,S,77,0.6313869522368922,0.4697388423810028,0.07372431568262225,0.961038961038961,1.0,34.96103896103896,9.056091539038818e-05,9.414941378616832e-05,9.998988823048692e-05,0.2938204147241642,0.0007814344967358846
exclude_pandemic,joint_indicator_revision_dfm_full_kalman_em,exact,pre_third,T,78,0.37465315277337163,0.2449825885153362,-0.031160789914743577,1.0,1.0,34.44871794871795,9.325275315886411e-05,9.504258544803337e-05,9.987787642031328e-05,0.16935067670701207,0.0004108348595192745
exclude_pandemic,joint_indicator_revision_dfm_full_kalman_em,pseudo,pre_advance,A,78,2.425388866765974,1.7965978022466884,0.3688190759157479,0.8717948717948718,1.0,33.8974358974359,9.112194814812804e-05,9.428609189230763e-05,9.974882774827832e-05,1.2403922023483245,0.031839452682637916
exclude_pandemic,joint_indicator_revision_dfm_full_kalman_em,pseudo,pre_second,S,77,0.6303614557445729,0.4682176598564015,0.07284756791989057,0.961038961038961,1.0,34.76623376623377,9.021399524379088e-05,9.40744079032287e-05,9.992607776616055e-05,0.29334319262826253,0.0007790198619216772
exclude_pandemic,joint_indicator_revision_dfm_full_kalman_em,pseudo,pre_third,T,78,0.3746626028717028,0.2450060772244871,-0.031164604931525605,1.0,1.0,34.48717948717949,9.301583176719321e-05,9.471667539603167e-05,9.99146135028884e-05,0.16935494833941522,0.00041082757468662603
exclude_pandemic,midas_umidas,exact,pre_advance,A,78,8.970865471341774,6.723347847273123,-1.5398357117022528,0.6282051282051282,1.0,0.0,,,,4.587879383566844,3.0013589455025015e-05
exclude_pandemic,midas_umidas,exact,pre_second,S,77,2.323162795574179,1.4464836428016543,0.3891034403159789,0.8571428571428571,1.0,0.0,,,,1.0811003516132998,0.6825250610268881
exclude_pandemic,midas_umidas,exact,pre_third,T,78,2.3944945497618235,1.6076187696955966,0.2485400252239757,0.8717948717948718,1.0,0.0,,,,1.0823591617250057,0.6866392264615201
exclude_pandemic,midas_umidas,pseudo,pre_advance,A,78,9.054780681272016,6.7890687035586375,-1.6630124601079797,0.6282051282051282,1.0,0.0,,,,4.6307952942820965,3.3265382579054687e-05
exclude_pandemic,midas_umidas,pseudo,pre_second,S,77,2.3065368252724094,1.428433619779821,0.35213641176710225,0.8701298701298701,1.0,0.0,,,,1.0733633379294556,0.7123965167149322
exclude_pandemic,midas_umidas,pseudo,pre_third,T,78,2.387358312346222,1.6103693922881197,0.27203921583742896,0.8717948717948718,1.0,0.0,,,,1.0791334404771584,0.6989202385381388
exclude_pandemic,monthly_mixed_frequency_kalman_em,exact,pre_advance,A,78,2.353365269121667,1.661138950906621,0.2638018911521119,0.9230769230769231,0.9487179487179487,54.6025641025641,9.896680281242712e-05,9.631925310537944e-05,0.0002497264417364,1.2035578991455582,0.04665198813775745
exclude_pandemic,monthly_mixed_frequency_kalman_em,exact,pre_second,S,77,0.5644973725610378,0.38434683886555615,0.021795571484131162,0.961038961038961,0.948051948051948,53.246753246753244,9.957960644708504e-05,9.653177612242742e-05,0.0002134254350393,0.2626928724595425,0.0006298414984486218
exclude_pandemic,monthly_mixed_frequency_kalman_em,exact,pre_third,T,78,0.3713384688145181,0.2609088787501307,-0.008211271124263205,1.0,0.9102564102564102,52.35897435897436,0.00010909670560297568,9.74179297847804e-05,0.0003507752004166,0.16785237363029598,0.0004088339767322359
exclude_pandemic,monthly_mixed_frequency_kalman_em,pseudo,pre_advance,A,78,2.357494489128493,1.6632594415129274,0.2660729792123858,0.9230769230769231,0.9487179487179487,54.56410256410256,9.916294976849277e-05,9.661029634185717e-05,0.0002497264417364,1.2056696645488014,0.04406219387787305
exclude_pandemic,monthly_mixed_frequency_kalman_em,pseudo,pre_second,S,77,0.5644893146073947,0.3841019144500117,0.02113452601574316,0.961038961038961,0.948051948051948,53.72727272727273,9.968432371503991e-05,9.664965014157704e-05,0.0002134254350393,0.2626891226334289,0.0006299387523739574
exclude_pandemic,monthly_mixed_frequency_kalman_em,pseudo,pre_third,T,78,0.36691387947050413,0.25862491759922296,-0.007484466768766996,1.0,0.9230769230769231,52.3974358974359,0.0001082320232587627,9.733896253566754e-05,0.0003633765340944,0.16585237124405514,0.0004064930068285585
exclude_pandemic,no_revision,exact,pre_advance,A,78,2.2441904220672404,1.5303452188106645,0.07509322003391684,0.8974358974358975,1.0,0.0,,,,1.1477237066024668,0.23559374314999454
exclude_pandemic,no_revision,exact,pre_second,S,77,0.5605800485026388,0.39431818181818185,-0.05211298701298704,0.961038961038961,1.0,0.0,,,,0.26086991781125585,0.0006921522477289746
exclude_pandemic,no_revision,exact,pre_third,T,78,0.3625432587804929,0.23753461538461534,-0.04083717948717947,1.0,1.0,0.0,,,,0.16387676376283158,0.00040506893408592934
exclude_pandemic,no_revision,pseudo,pre_advance,A,78,2.2441904220672404,1.5303452188106645,0.07509322003391684,0.8974358974358975,1.0,0.0,,,,1.1477237066024668,0.23559374314999454
exclude_pandemic,no_revision,pseudo,pre_second,S,77,0.5605800485026388,0.39431818181818185,-0.05211298701298704,0.961038961038961,1.0,0.0,,,,0.26086991781125585,0.0006921522477289746
exclude_pandemic,no_revision,pseudo,pre_third,T,78,0.3625432587804929,0.23753461538461534,-0.04083717948717947,1.0,1.0,0.0,,,,0.16387676376283158,0.00040506893408592934
exclude_pandemic,release_dfm,exact,pre_advance,A,78,1.8079609698245873,1.2652601962914356,0.5375055241343126,0.9358974358974359,1.0,0.0,,,,0.9246272710531575,0.6069283163274422
exclude_pandemic,release_dfm,exact,pre_second,S,77,0.575170130726681,0.40226502597207403,0.030932598929822846,0.961038961038961,1.0,0.0,,,,0.2676595164792995,0.0006829753088392484
exclude_pandemic,release_dfm,exact,pre_third,T,78,0.4168646351562439,0.2739460811290518,0.015472360680039494,1.0,1.0,0.0,,,,0.1884311063081736,0.00041350012607042853
exclude_pandemic,release_dfm,pseudo,pre_advance,A,78,1.8063892169988638,1.2603360491903213,0.5546892951654419,0.9358974358974359,1.0,0.0,,,,0.9238234453344198,0.6076713051372562
exclude_pandemic,release_dfm,pseudo,pre_second,S,77,0.574888045186054,0.4018996091854312,0.030480904247044464,0.961038961038961,1.0,0.0,,,,0.26752824596406144,0.0006821596672776771
exclude_pandemic,release_dfm,pseudo,pre_third,T,78,0.4168853836448781,0.273976952368151,0.015539126185347283,1.0,1.0,0.0,,,,0.18844048503771277,0.0004133726430737668
exclude_pandemic,revision_dfm_kalman_em,exact,pre_advance,A,78,2.0805302858553936,1.5235504391220904,0.31273879399305543,0.9487179487179487,1.0,26.628205128205128,9.303228027137103e-05,9.461860964307217e-05,9.993619729766532e-05,1.0640246513399907,0.5634112975217085
exclude_pandemic,revision_dfm_kalman_em,exact,pre_second,S,77,0.5718966192590852,0.41201036196236007,0.08904571500094197,0.961038961038961,1.0,27.246753246753247,9.330879622506252e-05,9.416601459427806e-05,9.980025456886206e-05,0.2661361646051347,0.000726194421794288
exclude_pandemic,revision_dfm_kalman_em,exact,pre_third,T,78,0.37369081033180546,0.24289855431774202,-0.030106276703280442,1.0,1.0,26.102564102564102,9.267547309579037e-05,9.407987959155151e-05,9.95723951507454e-05,0.16891567878294098,0.00040988671525971743
exclude_pandemic,revision_dfm_kalman_em,pseudo,pre_advance,A,78,2.078196769771937,1.5136010441169192,0.31312557168974814,0.9487179487179487,1.0,26.615384615384617,9.290483590709677e-05,9.438176188684104e-05,9.988817683891283e-05,1.0628312447099713,0.5740473484512958
exclude_pandemic,revision_dfm_kalman_em,pseudo,pre_second,S,77,0.5716055302944391,0.41149305680703874,0.0885985345486014,0.961038961038961,1.0,27.246753246753247,9.334293858858272e-05,9.413889363531712e-05,9.980025456886206e-05,0.2660007042824103,0.0007267239061913047
exclude_pandemic,revision_dfm_kalman_em,pseudo,pre_third,T,78,0.37362169049507,0.24285072382016154,-0.030142709116083848,1.0,1.0,26.128205128205128,9.276294322165248e-05,9.461225308144886e-05,9.998297841371269e-05,0.16888443524197946,0.00040978257829088683
exclude_pandemic,spf,exact,pre_advance,A,78,1.6192585097538492,1.1808628205128204,0.1954346153846154,0.9358974358974359,1.0,0.0,,,,0.8281210722975768,0.1049681036499142
exclude_pandemic,spf,exact,pre_second,S,77,1.7721253557137644,1.3054883116883118,0.14551948051948055,0.922077922077922,1.0,0.0,,,,0.8246711546925776,0.08063003771648952
exclude_pandemic,spf,exact,pre_third,T,78,1.8005107820510409,1.332932051282051,0.10315256410256413,0.9230769230769231,1.0,0.0,,,,0.8138666846961263,0.058745909455161484
exclude_pandemic,spf,pseudo,pre_advance,A,78,1.6192585097538492,1.1808628205128204,0.1954346153846154,0.9358974358974359,1.0,0.0,,,,0.8281210722975768,0.1049681036499142
exclude_pandemic,spf,pseudo,pre_second,S,77,1.7721253557137644,1.3054883116883118,0.14551948051948055,0.922077922077922,1.0,0.0,,,,0.8246711546925776,0.08063003771648952
exclude_pandemic,spf,pseudo,pre_third,T,78,1.8005107820510409,1.332932051282051,0.10315256410256413,0.9230769230769231,1.0,0.0,,,,0.8138666846961263,0.058745909455161484
exclude_pandemic,standard_dfm,exact,pre_advance,A,78,1.8079609698245873,1.2652601962914356,0.5375055241343126,0.9358974358974359,1.0,0.0,,,,0.9246272710531575,0.6069283163274422
exclude_pandemic,standard_dfm,exact,pre_second,S,77,1.9410534353442805,1.3389762556575762,0.6257982758536405,0.922077922077922,1.0,0.0,,,,0.9032830395909724,0.535464993240504
exclude_pandemic,standard_dfm,exact,pre_third,T,78,1.9609329550582488,1.387159893338117,0.632318724648613,0.9230769230769231,1.0,0.0,,,,0.8863806976077266,0.43883587377104805
exclude_pandemic,standard_dfm,pseudo,pre_advance,A,78,1.8063892169988638,1.2603360491903213,0.5546892951654419,0.9358974358974359,1.0,0.0,,,,0.9238234453344198,0.6076713051372562
exclude_pandemic,standard_dfm,pseudo,pre_second,S,77,1.93696425173282,1.3341017049966426,0.627496756634019,0.922077922077922,1.0,0.0,,,,0.9013801088757495,0.5276232905680027
exclude_pandemic,standard_dfm,pseudo,pre_third,T,78,1.9582545652174392,1.3840448223396324,0.636198536208236,0.9230769230769231,1.0,0.0,,,,0.8851700121279206,0.431206854844189
pre_gfc,ar,exact,pre_advance,A,12,1.6123956924989793,1.4005572122333263,0.07858970021441031,1.0,1.0,0.0,,,,1.0,1.0
pre_gfc,ar,exact,pre_second,S,12,1.7407106502041945,1.4426379827900888,0.03485136608906295,1.0,1.0,0.0,,,,1.0,1.0
pre_gfc,ar,exact,pre_third,T,12,1.7954552249074591,1.4761525511170805,0.078071163523923,1.0,1.0,0.0,,,,1.0,1.0
pre_gfc,ar,pseudo,pre_advance,A,12,1.6123956924989793,1.4005572122333263,0.07858970021441031,1.0,1.0,0.0,,,,1.0,1.0
pre_gfc,ar,pseudo,pre_second,S,12,1.7407106502041945,1.4426379827900888,0.03485136608906295,1.0,1.0,0.0,,,,1.0,1.0
pre_gfc,ar,pseudo,pre_third,T,12,1.7954552249074591,1.4761525511170805,0.078071163523923,1.0,1.0,0.0,,,,1.0,1.0
pre_gfc,bridge,exact,pre_advance,A,12,1.7396023327629242,1.3539955378552797,-0.8577642269707408,0.9166666666666666,1.0,0.0,,,,1.0788929422571163,0.6138906401311837
pre_gfc,bridge,exact,pre_second,S,12,1.761894086697696,1.477639345984364,-0.9007544244871829,1.0,1.0,0.0,,,,1.0121694185596075,0.9163299216396
pre_gfc,bridge,exact,pre_third,T,12,1.9434557631745646,1.5907483212517877,-0.950217005258369,0.9166666666666666,1.0,0.0,,,,1.082430648346986,0.503859684967794
pre_gfc,bridge,pseudo,pre_advance,A,12,1.741074690999128,1.3550759344119847,-0.8566838304140356,0.9166666666666666,1.0,0.0,,,,1.0798060917048935,0.6091856275665543
pre_gfc,bridge,pseudo,pre_second,S,12,1.7622096820740394,1.4777168699743823,-0.9008319484772009,1.0,1.0,0.0,,,,1.0123507211651304,0.9150070071328695
pre_gfc,bridge,pseudo,pre_third,T,12,1.9257797090477238,1.5775802768906206,-0.9450338003000467,0.9166666666666666,1.0,0.0,,,,1.0725857611664928,0.5467607997759172
pre_gfc,indicator_revision_only_dfm_kalman_em,exact,pre_advance,A,12,3.1175047052356843,2.3354689745982493,-0.4854590111674404,0.6666666666666666,1.0,38.666666666666664,8.176559621467113e-05,9.396600164817795e-05,9.86347439464783e-05,1.933461320777907,0.004987505758906319
pre_gfc,indicator_revision_only_dfm_kalman_em,exact,pre_second,S,12,0.6601606756586553,0.5456808883903322,-0.2659527188662459,1.0,1.0,38.666666666666664,8.131187392178232e-05,9.342474685096366e-05,9.595371319207722e-05,0.3792477949056123,0.004542045260835531
pre_gfc,indicator_revision_only_dfm_kalman_em,exact,pre_third,T,12,0.1881047458872989,0.1435471108475376,-0.015280978162013488,1.0,1.0,35.75,8.381804874509259e-05,9.506952687956607e-05,9.737880370309218e-05,0.10476716059404607,0.0016144311238627093
pre_gfc,indicator_revision_only_dfm_kalman_em,pseudo,pre_advance,A,12,3.117401795273926,2.335409056609484,-0.48551892915620537,0.6666666666666666,1.0,38.666666666666664,8.176714339695186e-05,9.396600164817795e-05,9.86347439464783e-05,1.9333974965179952,0.004992041193930154
pre_gfc,indicator_revision_only_dfm_kalman_em,pseudo,pre_second,S,12,0.6601675195167453,0.5456973997042412,-0.2659692301801549,1.0,1.0,38.666666666666664,8.129053637245652e-05,9.342474685096366e-05,9.595371319207722e-05,0.37925172655162664,0.0045420556267597905
pre_gfc,indicator_revision_only_dfm_kalman_em,pseudo,pre_third,T,12,0.18807274726942602,0.14358381516623642,-0.015141116245067742,1.0,1.0,35.583333333333336,8.474042475318166e-05,9.524113608188855e-05,9.9747983708719e-05,0.10474933858577265,0.001614208302945178
pre_gfc,joint_indicator_revision_dfm_full_kalman_em,exact,pre_advance,A,12,2.9665379367645346,2.288435979841104,-0.7093474740632278,0.6666666666666666,1.0,38.75,7.733869318485259e-05,9.357355906049541e-05,9.974882774827832e-05,1.839832462071907,0.009137105266080608
pre_gfc,joint_indicator_revision_dfm_full_kalman_em,exact,pre_second,S,12,0.6657364442367644,0.5363344915111077,-0.17598614042042285,1.0,1.0,38.666666666666664,7.350555934353255e-05,9.406254007409865e-05,9.942449816480032e-05,0.3824509513736071,0.006209764944701582
pre_gfc,joint_indicator_revision_dfm_full_kalman_em,exact,pre_third,T,12,0.1825329000826935,0.14197336296244162,-0.006254435277133412,1.0,1.0,36.25,8.727185216782683e-05,9.70484359884672e-05,9.987787642031328e-05,0.10166385524434426,0.0016296041320627305
pre_gfc,joint_indicator_revision_dfm_full_kalman_em,pseudo,pre_advance,A,12,2.9664314095896307,2.2883703805815068,-0.7094130733228249,0.6666666666666666,1.0,38.75,7.733866613896015e-05,9.357355906049541e-05,9.974882774827832e-05,1.83976639443392,0.009147306982961035
pre_gfc,joint_indicator_revision_dfm_full_kalman_em,pseudo,pre_second,S,12,0.6657171558225143,0.5363020039595315,-0.17595365286884676,1.0,1.0,38.666666666666664,7.351208076719729e-05,9.408027299647289e-05,9.942449816480032e-05,0.38243987060366536,0.006209074545438342
pre_gfc,joint_indicator_revision_dfm_full_kalman_em,pseudo,pre_third,T,12,0.18252982703078247,0.1419762561077179,-0.0064451823531673615,1.0,1.0,36.416666666666664,8.67022988058848e-05,9.538386215616016e-05,9.987787642031328e-05,0.1016621436717757,0.0016296027303163165
pre_gfc,midas_umidas,exact,pre_advance,A,12,12.87492572240935,11.627816407083342,1.156795171269114,0.5,1.0,0.0,,,,7.984966582523601,3.74029281168512e-05
pre_gfc,midas_umidas,exact,pre_second,S,12,0.9141277190879938,0.6726573251089297,-0.14433808376383586,0.8333333333333334,1.0,0.0,,,,0.5251462780334928,0.0173159916950688
pre_gfc,midas_umidas,exact,pre_third,T,12,1.681294185763031,1.2765998603532658,0.20391668241556807,0.9166666666666666,1.0,0.0,,,,0.9364166604876977,0.7511079413079518
pre_gfc,midas_umidas,pseudo,pre_advance,A,12,12.877522666588526,11.630795011867425,1.1597737760531992,0.5,1.0,0.0,,,,7.98657719472708,3.771225223639068e-05
pre_gfc,midas_umidas,pseudo,pre_second,S,12,0.9140581196413844,0.6722243933231701,-0.14452202682645818,0.8333333333333334,1.0,0.0,,,,0.5251062946815203,0.017308138364682268
pre_gfc,midas_umidas,pseudo,pre_third,T,12,1.659788219936831,1.2520639796453257,0.17877640451729984,0.9166666666666666,1.0,0.0,,,,0.9244386587375797,0.7107974845555404
pre_gfc,monthly_mixed_frequency_kalman_em,exact,pre_advance,A,12,2.2098482664677763,1.7128193687431859,-0.000525862923803147,1.0,0.6666666666666666,92.0,0.00011708152242229439,9.67608629357346e-05,0.0002497264417364,1.3705371930402719,0.24590258074600402
pre_gfc,monthly_mixed_frequency_kalman_em,exact,pre_second,S,12,0.6006459932089719,0.468027940895221,-0.12320093022973777,1.0,0.6666666666666666,90.41666666666667,0.00011908662053853682,9.565931761626995e-05,0.0002134254350393,0.3450579182350111,0.008559007803695182
pre_gfc,monthly_mixed_frequency_kalman_em,exact,pre_third,T,12,0.25630853069125425,0.22365406821571845,0.0350955158678562,1.0,0.5833333333333334,91.08333333333333,0.00015532419569381798,9.796302989415944e-05,0.0003507752004166,0.1427540643373409,0.0017719394245971551
pre_gfc,monthly_mixed_frequency_kalman_em,pseudo,pre_advance,A,12,2.209553241441005,1.7126819856957842,-0.0006632459712048502,1.0,0.6666666666666666,92.0,0.00011703119517041577,9.67608629357346e-05,0.0002497264417364,1.3703542199474115,0.2459574517737199
pre_gfc,monthly_mixed_frequency_kalman_em,pseudo,pre_second,S,12,0.6006485371447048,0.4680371022974826,-0.12321009163199943,1.0,0.6666666666666666,90.41666666666667,0.00011911992627553987,9.585340757528357e-05,0.0002134254350393,0.34505937967016265,0.008559105022412613
pre_gfc,monthly_mixed_frequency_kalman_em,pseudo,pre_third,T,12,0.2569856033399811,0.2253248600433834,0.033238592832440926,1.0,0.5833333333333334,90.83333333333333,0.00015001258285628116,9.929733768902626e-05,0.0003492579654407,0.14313116794835504,0.0017704798946776683
pre_gfc,no_revision,exact,pre_advance,A,12,1.6327072977299812,1.421979645989153,0.08501426083561991,1.0,1.0,0.0,,,,1.0125971591995027,0.1960084448705083
pre_gfc,no_revision,exact,pre_second,S,12,0.6332486728503002,0.5451333333333332,-0.21198333333333327,1.0,1.0,0.0,,,,0.3637874409374222,0.007117977140259407
pre_gfc,no_revision,exact,pre_third,T,12,0.1960147826058023,0.15441666666666662,0.000566666666666691,1.0,1.0,0.0,,,,0.10917274899790677,0.001656395677089929
pre_gfc,no_revision,pseudo,pre_advance,A,12,1.6327072977299812,1.421979645989153,0.08501426083561991,1.0,1.0,0.0,,,,1.0125971591995027,0.1960084448705083
pre_gfc,no_revision,pseudo,pre_second,S,12,0.6332486728503002,0.5451333333333332,-0.21198333333333327,1.0,1.0,0.0,,,,0.3637874409374222,0.007117977140259407
pre_gfc,no_revision,pseudo,pre_third,T,12,0.1960147826058023,0.15441666666666662,0.000566666666666691,1.0,1.0,0.0,,,,0.10917274899790677,0.001656395677089929
pre_gfc,release_dfm,exact,pre_advance,A,12,1.2704989162748224,1.1262431565443747,0.09122459748937269,1.0,1.0,0.0,,,,0.7879572751188224,0.04749407734040848
pre_gfc,release_dfm,exact,pre_second,S,12,0.5799237425980599,0.4658677888008074,-0.0766067184245282,1.0,1.0,0.0,,,,0.33315344082603954,0.007465911537560971
pre_gfc,release_dfm,exact,pre_third,T,12,0.19596467749114965,0.17539698831431472,0.061035735759008745,1.0,1.0,0.0,,,,0.10914484236233182,0.0016618222144962039
pre_gfc,release_dfm,pseudo,pre_advance,A,12,1.2704281777340383,1.1262068425227818,0.09118828346778003,1.0,1.0,0.0,,,,0.7879134034183998,0.047447020865844965
pre_gfc,release_dfm,pseudo,pre_second,S,12,0.5799297235755998,0.4658857184294285,-0.0766246480531492,1.0,1.0,0.0,,,,0.3331568767661478,0.007465669974693473
pre_gfc,release_dfm,pseudo,pre_third,T,12,0.19601435424112462,0.17543625478833977,0.06123652062553312,1.0,1.0,0.0,,,,0.10917251041513862,0.0016619363903206123
pre_gfc,revision_dfm_kalman_em,exact,pre_advance,A,12,1.73174271142505,1.3605997869197861,-0.26248578048948173,1.0,1.0,32.833333333333336,9.674155495102016e-05,9.739692570428555e-05,9.945066511094096e-05,1.0740184431658337,0.6499579534724385
pre_gfc,revision_dfm_kalman_em,exact,pre_second,S,12,0.6244859259107245,0.512233706468742,-0.09759462490518807,1.0,1.0,35.916666666666664,9.568716471990114e-05,9.524969499831558e-05,9.948928393270456e-05,0.3587534354646874,0.009049656668780836
pre_gfc,revision_dfm_kalman_em,exact,pre_third,T,12,0.1818590481755626,0.1423129257456458,-0.0038763170077945833,1.0,1.0,35.25,9.565574798240128e-05,9.521324532822994e-05,9.951017659807258e-05,0.10128854546341355,0.0016079959756956173
pre_gfc,revision_dfm_kalman_em,pseudo,pre_advance,A,12,1.7316715751950182,1.360559810636536,-0.26252575677273166,1.0,1.0,32.833333333333336,9.674209424388551e-05,9.740016146147766e-05,9.945066511094096e-05,1.0739743248204656,0.6501429764972108
pre_gfc,revision_dfm_kalman_em,pseudo,pre_second,S,12,0.6244938301097418,0.5122511097568857,-0.09761202819333163,1.0,1.0,35.916666666666664,9.569296979734618e-05,9.527600326749396e-05,9.948928393270456e-05,0.35875797625325345,0.00904967897047012
pre_gfc,revision_dfm_kalman_em,pseudo,pre_third,T,12,0.18187803365962785,0.14246489964995865,-0.0037119961483901755,1.0,1.0,35.333333333333336,9.520566757749774e-05,9.488736108074404e-05,9.948072019362864e-05,0.10129911965306858,0.001607932209403843
pre_gfc,spf,exact,pre_advance,A,12,1.090472445777517,0.9954166666666668,0.2669,1.0,1.0,0.0,,,,0.6763057299461294,0.015898846822905845
pre_gfc,spf,exact,pre_second,S,12,1.2018408921317332,0.9710166666666668,0.054916666666666725,1.0,1.0,0.0,,,,0.6904311707352114,0.03170263467462466
pre_gfc,spf,exact,pre_third,T,12,1.2327692261733336,0.9831666666666669,0.05548333333333346,1.0,1.0,0.0,,,,0.6866053851255871,0.029074185184204945
pre_gfc,spf,pseudo,pre_advance,A,12,1.090472445777517,0.9954166666666668,0.2669,1.0,1.0,0.0,,,,0.6763057299461294,0.015898846822905845
pre_gfc,spf,pseudo,pre_second,S,12,1.2018408921317332,0.9710166666666668,0.054916666666666725,1.0,1.0,0.0,,,,0.6904311707352114,0.03170263467462466
pre_gfc,spf,pseudo,pre_third,T,12,1.2327692261733336,0.9831666666666669,0.05548333333333346,1.0,1.0,0.0,,,,0.6866053851255871,0.029074185184204945
pre_gfc,standard_dfm,exact,pre_advance,A,12,1.2704989162748224,1.1262431565443747,0.09122459748937269,1.0,1.0,0.0,,,,0.7879572751188224,0.04749407734040848
pre_gfc,standard_dfm,exact,pre_second,S,12,1.3810696220870358,1.1493284153116108,0.03275923060671585,1.0,1.0,0.0,,,,0.793394135851946,0.0967119179834271
pre_gfc,standard_dfm,exact,pre_third,T,12,1.4528465822563934,1.2315985024523195,0.11432240330455057,1.0,1.0,0.0,,,,0.8091800687100262,0.10917265366942726
pre_gfc,standard_dfm,pseudo,pre_advance,A,12,1.2704281777340383,1.1262068425227818,0.09118828346778003,1.0,1.0,0.0,,,,0.7879134034183998,0.047447020865844965
pre_gfc,standard_dfm,pseudo,pre_second,S,12,1.3811174028668705,1.1493047779826366,0.03247006023110419,1.0,1.0,0.0,,,,0.7934215848595274,0.09675782105013775
pre_gfc,standard_dfm,pseudo,pre_third,T,12,1.459103227257685,1.2378294872618678,0.12222081114895078,1.0,1.0,0.0,,,,0.8126647810629138,0.10857445793234662
gfc_and_recovery,ar,exact,pre_advance,A,28,1.9808610584115074,1.4223185815339376,0.4330290225710866,0.8928571428571429,1.0,0.0,,,,1.0,1.0
gfc_and_recovery,ar,exact,pre_second,S,28,2.2792728213644913,1.5869084942961664,0.5691047326176689,0.8928571428571429,1.0,0.0,,,,1.0,1.0
gfc_and_recovery,ar,exact,pre_third,T,28,2.5011984263559737,1.7400275075394895,0.6350963184292698,0.8928571428571429,1.0,0.0,,,,1.0,1.0
gfc_and_recovery,ar,pseudo,pre_advance,A,28,1.9808610584115074,1.4223185815339376,0.4330290225710866,0.8928571428571429,1.0,0.0,,,,1.0,1.0
gfc_and_recovery,ar,pseudo,pre_second,S,28,2.2792728213644913,1.5869084942961664,0.5691047326176689,0.8928571428571429,1.0,0.0,,,,1.0,1.0
gfc_and_recovery,ar,pseudo,pre_third,T,28,2.5011984263559737,1.7400275075394895,0.6350963184292698,0.8928571428571429,1.0,0.0,,,,1.0,1.0
gfc_and_recovery,bridge,exact,pre_advance,A,28,1.5578346590893442,1.300761002281147,0.19595265440349083,0.9285714285714286,1.0,0.0,,,,0.7864431745347163,0.3942690750361076
gfc_and_recovery,bridge,exact,pre_second,S,28,1.665652254014009,1.3645537665273557,0.2622300586219806,0.9285714285714286,1.0,0.0,,,,0.7307823084631277,0.3747949016373563
gfc_and_recovery,bridge,exact,pre_third,T,28,1.8738525574466725,1.4525421339478028,0.24614866648275585,0.9285714285714286,1.0,0.0,,,,0.7491818872510291,0.31271020456921295
gfc_and_recovery,bridge,pseudo,pre_advance,A,28,1.5733387493308326,1.3045719017070174,0.20736711853826215,0.9285714285714286,1.0,0.0,,,,0.7942701193755229,0.4153404183151473
gfc_and_recovery,bridge,pseudo,pre_second,S,28,1.6459188834467873,1.3455988035722726,0.2502952644131429,0.9285714285714286,1.0,0.0,,,,0.7221245600873065,0.359846785108093
gfc_and_recovery,bridge,pseudo,pre_third,T,28,1.8718913114534803,1.4518581652008966,0.24716882342013105,0.9285714285714286,1.0,0.0,,,,0.7483977647389861,0.3120362273902741
gfc_and_recovery,indicator_revision_only_dfm_kalman_em,exact,pre_advance,A,28,2.797993681869213,2.160796811836185,0.9150257783190396,0.8928571428571429,1.0,28.607142857142858,9.614344177123964e-05,9.704640913347229e-05,9.998334228583656e-05,1.4125138509780089,0.0031937387731939388
gfc_and_recovery,indicator_revision_only_dfm_kalman_em,exact,pre_second,S,28,0.7432450505130829,0.5620546126869977,0.17026503499570111,0.9642857142857143,1.0,29.035714285714285,9.517239645993455e-05,9.586370972756585e-05,9.941910175337812e-05,0.3260886733463253,0.04874750110581955
gfc_and_recovery,indicator_revision_only_dfm_kalman_em,exact,pre_third,T,28,0.5380707023882374,0.3499004470232637,0.03385277316538419,1.0,1.0,29.035714285714285,9.451199108287453e-05,9.47864608061638e-05,9.99734186429027e-05,0.21512515629244144,0.024177121921389665
gfc_and_recovery,indicator_revision_only_dfm_kalman_em,pseudo,pre_advance,A,28,2.8009380092163987,2.1617747494115656,0.917508696413711,0.8928571428571429,1.0,28.928571428571427,9.577137183819954e-05,9.680780124155184e-05,9.996425230545332e-05,1.4140002385944865,0.0028820725947739808
gfc_and_recovery,indicator_revision_only_dfm_kalman_em,pseudo,pre_second,S,28,0.7424523458491801,0.560084552323569,0.16906592153777003,0.9642857142857143,1.0,28.535714285714285,9.492115171244238e-05,9.553860247311626e-05,9.962802841064312e-05,0.3257408849392191,0.04866298596107979
gfc_and_recovery,indicator_revision_only_dfm_kalman_em,pseudo,pre_third,T,28,0.5380761729139847,0.34990601691975043,0.03386625032280203,1.0,1.0,29.0,9.446426980869853e-05,9.48283983493967e-05,9.998623707494652e-05,0.2151273434542794,0.024176483356537673
gfc_and_recovery,joint_indicator_revision_dfm_full_kalman_em,exact,pre_advance,A,28,2.5879121518686707,1.9144075631010353,0.7315920599487324,0.8571428571428571,1.0,30.142857142857142,9.512475042917033e-05,9.49812451292985e-05,9.935838087640024e-05,1.3064581894219123,0.00486947698800319
gfc_and_recovery,joint_indicator_revision_dfm_full_kalman_em,exact,pre_second,S,28,0.8146879060312509,0.625956880717049,0.28133354058925175,0.9285714285714286,1.0,30.75,9.440542113566463e-05,9.383002455188131e-05,9.998988823048692e-05,0.3574332560783734,0.051502833566494544
gfc_and_recovery,joint_indicator_revision_dfm_full_kalman_em,exact,pre_third,T,28,0.5353418791940197,0.3498900548659623,0.04411132087741769,1.0,1.0,30.357142857142858,9.466471741167128e-05,9.471667539603167e-05,9.9715963420577e-05,0.2140341500110272,0.024263753803268215
gfc_and_recovery,joint_indicator_revision_dfm_full_kalman_em,pseudo,pre_advance,A,28,2.586043779399245,1.9121348761476165,0.7308531652245213,0.8571428571428571,1.0,30.571428571428573,9.472551931059228e-05,9.498793996233715e-05,9.914241892563598e-05,1.3055149771448613,0.004416874740972782
gfc_and_recovery,joint_indicator_revision_dfm_full_kalman_em,pseudo,pre_second,S,28,0.8136303413274782,0.6229480140018452,0.2782162004785226,0.9285714285714286,1.0,30.142857142857142,9.423879020277144e-05,9.413689832437903e-05,9.96193262873642e-05,0.3569692639253237,0.05136113660340989
gfc_and_recovery,joint_indicator_revision_dfm_full_kalman_em,pseudo,pre_third,T,28,0.5353833189717981,0.3499346238299605,0.04418550826514876,1.0,1.0,30.357142857142858,9.45960457482967e-05,9.463788575427011e-05,9.971704546186165e-05,0.21405071797994235,0.024264606477644515
gfc_and_recovery,midas_umidas,exact,pre_advance,A,28,11.363813311777644,9.605502920671444,-5.461022933022572,0.5,1.0,0.0,,,,5.736804842279304,1.2372330829418031e-08
gfc_and_recovery,midas_umidas,exact,pre_second,S,28,3.449309183235263,2.3557373396287375,0.884812946201979,0.7857142857142857,1.0,0.0,,,,1.513337565781321,0.06024168457943977
gfc_and_recovery,midas_umidas,exact,pre_third,T,28,3.5272976660554427,2.538110006967133,0.1778649974740963,0.75,1.0,0.0,,,,1.4102430374524126,0.13532447627552113
gfc_and_recovery,midas_umidas,pseudo,pre_advance,A,28,11.567485075702558,9.751726258585453,-5.799941549527327,0.5,1.0,0.0,,,,5.839624655440882,1.8230549190269317e-08
gfc_and_recovery,midas_umidas,pseudo,pre_second,S,28,3.4301103684088785,2.3312944313012083,0.7922912282033197,0.7857142857142857,1.0,0.0,,,,1.5049143464780297,0.06695660311672204
gfc_and_recovery,midas_umidas,pseudo,pre_third,T,28,3.5269746632890295,2.5782483838150547,0.24638649649319908,0.75,1.0,0.0,,,,1.4101138982513761,0.1355181835927874
gfc_and_recovery,monthly_mixed_frequency_kalman_em,exact,pre_advance,A,28,2.2386822372422133,1.6644663554591599,0.5562945651261025,0.8928571428571429,1.0,44.785714285714285,9.531574958674011e-05,9.64044671218276e-05,9.984872353055656e-05,1.1301561145522534,0.031951533686017566
gfc_and_recovery,monthly_mixed_frequency_kalman_em,exact,pre_second,S,28,0.7447605377223161,0.5234541255168244,0.16569403392916815,0.9285714285714286,1.0,47.785714285714285,9.51883377358737e-05,9.604386558452811e-05,9.987059199517692e-05,0.32675357278049044,0.04257759740706329
gfc_and_recovery,monthly_mixed_frequency_kalman_em,exact,pre_third,T,28,0.513361924760921,0.3398120495169824,0.0658900143838914,1.0,0.9642857142857143,44.82142857142857,0.00010470501237815499,9.74179297847804e-05,0.0003249908082591,0.20524638083546384,0.024058702518602596
gfc_and_recovery,monthly_mixed_frequency_kalman_em,pseudo,pre_advance,A,28,2.250385295030793,1.6696193279077571,0.5608873772681913,0.8928571428571429,1.0,44.785714285714285,9.51519815937048e-05,9.606914919045229e-05,9.96053427402856e-05,1.1360641805111877,0.028622125685719847
gfc_and_recovery,monthly_mixed_frequency_kalman_em,pseudo,pre_second,S,28,0.7448031415176692,0.5236301197562963,0.1652881841917449,0.9285714285714286,1.0,47.785714285714285,9.542932713958545e-05,9.628624375276676e-05,9.987059199517692e-05,0.3267722646171823,0.04257608975226649
gfc_and_recovery,monthly_mixed_frequency_kalman_em,pseudo,pre_third,T,28,0.506230182304454,0.3365600150682488,0.07014033457170836,1.0,0.9642857142857143,46.07142857142857,0.00010580935857118342,9.689476135475212e-05,0.0003633765340944,0.20239505069655228,0.023943586261237375
gfc_and_recovery,no_revision,exact,pre_advance,A,28,1.9905191257387522,1.413443049939982,0.38903837600935415,0.8928571428571429,1.0,0.0,,,,1.0048756914505603,0.5761768085667178
gfc_and_recovery,no_revision,exact,pre_second,S,28,0.7194633225536935,0.5307964285714286,0.07043214285714283,0.9285714285714286,1.0,0.0,,,,0.315654763137563,0.043666512200669416
gfc_and_recovery,no_revision,exact,pre_third,T,28,0.5160822788775339,0.3388357142857142,0.021907142857142885,1.0,1.0,0.0,,,,0.20633400110898856,0.023924265748899897
gfc_and_recovery,no_revision,pseudo,pre_advance,A,28,1.9905191257387522,1.413443049939982,0.38903837600935415,0.8928571428571429,1.0,0.0,,,,1.0048756914505603,0.5761768085667178
gfc_and_recovery,no_revision,pseudo,pre_second,S,28,0.7194633225536935,0.5307964285714286,0.07043214285714283,0.9285714285714286,1.0,0.0,,,,0.315654763137563,0.043666512200669416
gfc_and_recovery,no_revision,pseudo,pre_third,T,28,0.5160822788775339,0.3388357142857142,0.021907142857142885,1.0,1.0,0.0,,,,0.20633400110898856,0.023924265748899897
gfc_and_recovery,release_dfm,exact,pre_advance,A,28,1.3891793456844346,1.0585469764942768,0.6921502204527746,0.9285714285714286,1.0,0.0,,,,0.7013007498862367,0.3027996591583353
gfc_and_recovery,release_dfm,exact,pre_second,S,28,0.78041278337548,0.5962034469774938,0.11706293851746226,0.9285714285714286,1.0,0.0,,,,0.3423955114369698,0.04602791376347937
gfc_and_recovery,release_dfm,exact,pre_third,T,28,0.6184505739266203,0.4215018189118772,0.07404022504620877,1.0,1.0,0.0,,,,0.24726169959560082,0.024995084243189317
gfc_and_recovery,release_dfm,pseudo,pre_advance,A,28,1.40616056909207,1.065653469295271,0.7008113213521732,0.9285714285714286,1.0,0.0,,,,0.7098733972890046,0.3192688516034155
gfc_and_recovery,release_dfm,pseudo,pre_second,S,28,0.7797964998276579,0.5951956497913818,0.11595256764966534,0.9285714285714286,1.0,0.0,,,,0.3421251253989117,0.04596671267407874
gfc_and_recovery,release_dfm,pseudo,pre_third,T,28,0.6184691534558389,0.4215836650751607,0.07423402380480527,1.0,1.0,0.0,,,,0.24726912784640365,0.02498789308120127
gfc_and_recovery,revision_dfm_kalman_em,exact,pre_advance,A,28,2.192593389934419,1.6304523063897884,0.8125227688989352,0.9285714285714286,1.0,28.535714285714285,9.441789337377139e-05,9.399034433428824e-05,9.993619729766532e-05,1.1068890372819504,0.3885360976086842
gfc_and_recovery,revision_dfm_kalman_em,exact,pre_second,S,28,0.7611437764099294,0.5933594681794458,0.2610656393466648,0.9285714285714286,1.0,29.285714285714285,9.397388097946698e-05,9.427044690188554e-05,9.980025456886206e-05,0.33394149628576236,0.04805170120997292
gfc_and_recovery,revision_dfm_kalman_em,exact,pre_third,T,28,0.5355671246647968,0.3501645065288625,0.042960329202468346,1.0,1.0,26.285714285714285,9.406926942747691e-05,9.393584550420115e-05,9.95723951507454e-05,0.21412420502961496,0.024203828188188913
gfc_and_recovery,revision_dfm_kalman_em,pseudo,pre_advance,A,28,2.1981124454646643,1.6332251255863584,0.8188777795348164,0.9285714285714286,1.0,28.535714285714285,9.43591901384435e-05,9.438176188684104e-05,9.988817683891283e-05,1.1096752274121513,0.37704951800430025
gfc_and_recovery,revision_dfm_kalman_em,pseudo,pre_second,S,28,0.7611686049303913,0.593385442602366,0.261138556608792,0.9285714285714286,1.0,29.285714285714285,9.412679040707013e-05,9.409098461888275e-05,9.980025456886206e-05,0.33395238946196715,0.04805395211650228
gfc_and_recovery,revision_dfm_kalman_em,pseudo,pre_third,T,28,0.5354406438450844,0.3499631878208814,0.042817718978455384,1.0,1.0,26.321428571428573,9.441681129869809e-05,9.493170664799815e-05,9.998297841371269e-05,0.2140736369425813,0.024198103211638615
gfc_and_recovery,spf,exact,pre_advance,A,28,1.2125790385137198,0.9368464285714285,0.08257500000000002,0.9285714285714286,1.0,0.0,,,,0.6121474463666379,0.162129880519776
gfc_and_recovery,spf,exact,pre_second,S,28,1.567267863649533,1.1902000000000004,0.1530071428571428,0.9285714285714286,1.0,0.0,,,,0.6876174931578769,0.1828160372486508
gfc_and_recovery,spf,exact,pre_third,T,28,1.7476678623648307,1.328892857142857,0.17491428571428566,0.9285714285714286,1.0,0.0,,,,0.6987321933154377,0.12804553632187737
gfc_and_recovery,spf,pseudo,pre_advance,A,28,1.2125790385137198,0.9368464285714285,0.08257500000000002,0.9285714285714286,1.0,0.0,,,,0.6121474463666379,0.162129880519776
gfc_and_recovery,spf,pseudo,pre_second,S,28,1.567267863649533,1.1902000000000004,0.1530071428571428,0.9285714285714286,1.0,0.0,,,,0.6876174931578769,0.1828160372486508
gfc_and_recovery,spf,pseudo,pre_third,T,28,1.7476678623648307,1.328892857142857,0.17491428571428566,0.9285714285714286,1.0,0.0,,,,0.6987321933154377,0.12804553632187737
gfc_and_recovery,standard_dfm,exact,pre_advance,A,28,1.3891793456844346,1.0585469764942768,0.6921502204527746,0.9285714285714286,1.0,0.0,,,,0.7013007498862367,0.3027996591583353
gfc_and_recovery,standard_dfm,exact,pre_second,S,28,1.650159735342712,1.2472490349844036,0.8325927196260909,0.9285714285714286,1.0,0.0,,,,0.7239851762698774,0.3558513816217219
gfc_and_recovery,standard_dfm,exact,pre_third,T,28,1.8530413226148394,1.4290990812627602,0.884317021415546,0.9285714285714286,1.0,0.0,,,,0.7408613819234477,0.30681437597747674
gfc_and_recovery,standard_dfm,pseudo,pre_advance,A,28,1.40616056909207,1.065653469295271,0.7008113213521732,0.9285714285714286,1.0,0.0,,,,0.7098733972890046,0.3192688516034155
gfc_and_recovery,standard_dfm,pseudo,pre_second,S,28,1.6413645854643024,1.239424648154096,0.8217198141343911,0.9285714285714286,1.0,0.0,,,,0.7201264236905595,0.3495787200136843
gfc_and_recovery,standard_dfm,pseudo,pre_third,T,28,1.8521654931989058,1.426988999140189,0.8874412098540999,0.9285714285714286,1.0,0.0,,,,0.7405112180153368,0.3046429222202528
post_gfc_pre_pandemic,ar,exact,pre_advance,A,20,0.9883275427790928,0.8133458177311452,0.2210825398866389,1.0,1.0,0.0,,,,1.0,1.0
post_gfc_pre_pandemic,ar,exact,pre_second,S,19,1.2786828133405044,0.9974895213634284,0.20164868552558815,0.9473684210526315,1.0,0.0,,,,1.0,1.0
post_gfc_pre_pandemic,ar,exact,pre_third,T,20,1.1796002353961368,0.9546865710117756,0.1832003468310457,0.95,1.0,0.0,,,,1.0,1.0
post_gfc_pre_pandemic,ar,pseudo,pre_advance,A,20,0.9883275427790928,0.8133458177311452,0.2210825398866389,1.0,1.0,0.0,,,,1.0,1.0
post_gfc_pre_pandemic,ar,pseudo,pre_second,S,19,1.2786828133405044,0.9974895213634284,0.20164868552558815,0.9473684210526315,1.0,0.0,,,,1.0,1.0
post_gfc_pre_pandemic,ar,pseudo,pre_third,T,20,1.1796002353961368,0.9546865710117756,0.1832003468310457,0.95,1.0,0.0,,,,1.0,1.0
post_gfc_pre_pandemic,bridge,exact,pre_advance,A,20,0.9036902937052268,0.7749245036650768,0.24217260770774351,1.0,1.0,0.0,,,,0.9143631585578671,0.5359614803346645
post_gfc_pre_pandemic,bridge,exact,pre_second,S,19,1.1374886880426318,1.0232435074238364,0.1788348735416451,0.9473684210526315,1.0,0.0,,,,0.8895784600959725,0.5306199028391573
post_gfc_pre_pandemic,bridge,exact,pre_third,T,20,1.0008638618278345,0.8974429564574106,0.26391138089107324,0.95,1.0,0.0,,,,0.848477163529661,0.38604133166908305
post_gfc_pre_pandemic,bridge,pseudo,pre_advance,A,20,0.9061057160624423,0.7768237189149421,0.24425699401217948,1.0,1.0,0.0,,,,0.9168071078081566,0.5527080232776047
post_gfc_pre_pandemic,bridge,pseudo,pre_second,S,19,1.132632055640881,1.0198049391925674,0.17659877380091002,0.9473684210526315,1.0,0.0,,,,0.8857803075353208,0.5156445411477547
post_gfc_pre_pandemic,bridge,pseudo,pre_third,T,20,1.0052696800527128,0.899484590841414,0.26462630104937823,0.95,1.0,0.0,,,,0.8522121731478972,0.3988094849498413
post_gfc_pre_pandemic,indicator_revision_only_dfm_kalman_em,exact,pre_advance,A,20,1.3685924741343507,1.113455286072548,0.6168144155752058,1.0,1.0,25.75,9.635146108917319e-05,9.630544722271323e-05,9.986900326277158e-05,1.3847559790613395,0.14350832709969338
post_gfc_pre_pandemic,indicator_revision_only_dfm_kalman_em,exact,pre_second,S,19,0.4531991868809435,0.3200458608441013,-0.09510508319089275,0.9473684210526315,1.0,26.789473684210527,9.640733172694214e-05,9.658272223942742e-05,9.9970799643522e-05,0.3544265881676942,0.01854042485462008
post_gfc_pre_pandemic,indicator_revision_only_dfm_kalman_em,exact,pre_third,T,20,0.2557029311781876,0.20774302020074759,-0.10558535645166116,1.0,1.0,27.05,9.599632800287803e-05,9.610662291605908e-05,9.985908042209884e-05,0.2167708377002118,0.012747735142835474
post_gfc_pre_pandemic,indicator_revision_only_dfm_kalman_em,pseudo,pre_advance,A,20,1.3784118300064367,1.1222942909139915,0.6363633556850201,1.0,1.0,25.65,9.605909878625132e-05,9.582790720184678e-05,9.986932092517786e-05,1.3946913045957012,0.15041133898596964
post_gfc_pre_pandemic,indicator_revision_only_dfm_kalman_em,pseudo,pre_second,S,19,0.4533660330882941,0.32029301514934305,-0.0950296641211591,0.9473684210526315,1.0,26.789473684210527,9.636030433149472e-05,9.647267198125998e-05,9.996427437702558e-05,0.35455707104085854,0.01855208540769356
post_gfc_pre_pandemic,indicator_revision_only_dfm_kalman_em,pseudo,pre_third,T,20,0.2554633666508297,0.20758038455769526,-0.105685989805765,1.0,1.0,27.05,9.591433820878455e-05,9.612280822905222e-05,9.9850503049248e-05,0.21656774811090068,0.012736574226048293
post_gfc_pre_pandemic,joint_indicator_revision_dfm_full_kalman_em,exact,pre_advance,A,20,1.1931756523209402,0.9784606568151875,0.43010876815137083,1.0,1.0,27.65,9.509460864615994e-05,9.421167231393334e-05,9.94284793753838e-05,1.2072674297488786,0.3858599852606711
post_gfc_pre_pandemic,joint_indicator_revision_dfm_full_kalman_em,exact,pre_second,S,19,0.40512737857637254,0.29539441385212956,-0.04420970978210016,0.9473684210526315,1.0,28.57894736842105,9.547307363854932e-05,9.52542251046772e-05,9.9737912701896e-05,0.3168318009358353,0.0212404147430258
post_gfc_pre_pandemic,joint_indicator_revision_dfm_full_kalman_em,exact,pre_third,T,20,0.26646092372928765,0.21357724894077196,-0.09274671862775508,1.0,1.0,28.65,9.544168995397711e-05,9.617401253444326e-05,9.974521560925249e-05,0.22589087025724774,0.013206317567302428
post_gfc_pre_pandemic,joint_indicator_revision_dfm_full_kalman_em,pseudo,pre_advance,A,20,1.2003747423858264,0.9878322872148857,0.44818332514348336,1.0,1.0,27.55,9.499349391766006e-05,9.417901923044499e-05,9.94284793753838e-05,1.21455154331779,0.3882805818880219
post_gfc_pre_pandemic,joint_indicator_revision_dfm_full_kalman_em,pseudo,pre_second,S,19,0.4051247601526275,0.2954243120740938,-0.0442112071023654,0.9473684210526315,1.0,28.57894736842105,9.543068572843812e-05,9.556618417751608e-05,9.992607776616055e-05,0.3168297531850423,0.02124438339586119
post_gfc_pre_pandemic,joint_indicator_revision_dfm_full_kalman_em,pseudo,pre_third,T,20,0.26641597749236134,0.21355233389416167,-0.09276474291858437,1.0,1.0,28.6,9.58063582161656e-05,9.627566917618684e-05,9.99146135028884e-05,0.22585276731730455,0.013203987644853228
post_gfc_pre_pandemic,midas_umidas,exact,pre_advance,A,20,3.461537869393676,2.519931976720648,0.7213071763068193,0.9,1.0,0.0,,,,3.5024197136711646,0.022358503978956067
post_gfc_pre_pandemic,midas_umidas,exact,pre_second,S,19,1.472378918627131,1.092466280508389,-0.0278284178270029,0.8421052631578947,1.0,0.0,,,,1.1514809640559756,0.657530329727901
post_gfc_pre_pandemic,midas_umidas,exact,pre_third,T,20,1.4386720184251844,1.1364908827985354,0.7268888452643071,0.9,1.0,0.0,,,,1.2196267644368903,0.2201581229793889
post_gfc_pre_pandemic,midas_umidas,pseudo,pre_advance,A,20,3.4396103965154246,2.5421309526858944,0.7001325795609193,0.9,1.0,0.0,,,,3.480233270483926,0.01964634164053249
post_gfc_pre_pandemic,midas_umidas,pseudo,pre_second,S,19,1.438543393750769,1.0670466837693058,-0.010634956518734605,0.8947368421052632,1.0,0.0,,,,1.1250197302586993,0.707617530109813
post_gfc_pre_pandemic,midas_umidas,pseudo,pre_third,T,20,1.4128208328067242,1.113170072629398,0.7282691649129688,0.9,1.0,0.0,,,,1.1977115555019082,0.26627752106344665
post_gfc_pre_pandemic,monthly_mixed_frequency_kalman_em,exact,pre_advance,A,20,1.0429885665592988,0.8802465645244686,0.44447573565544013,1.0,1.0,63.75,9.670963283379367e-05,9.70305589370664e-05,9.934366549742418e-05,1.0553065875575054,0.7499375102076591
post_gfc_pre_pandemic,monthly_mixed_frequency_kalman_em,exact,pre_second,S,19,0.4311630076546767,0.3078009031538744,-0.07410813504472195,0.9473684210526315,1.0,56.26315789473684,9.69676890118319e-05,9.705445067983748e-05,9.997954549426548e-05,0.33719308897902656,0.019603209018065882
post_gfc_pre_pandemic,monthly_mixed_frequency_kalman_em,exact,pre_third,T,20,0.25552443001961617,0.22008080216115572,-0.06719295303594049,1.0,0.95,56.75,9.930430873146541e-05,9.810271164017805e-05,0.0001367857564597,0.2166195142660388,0.012651339595431504
post_gfc_pre_pandemic,monthly_mixed_frequency_kalman_em,pseudo,pre_advance,A,20,1.0439004161865189,0.8801236983351848,0.44606158123168893,1.0,1.0,63.65,9.692009123861156e-05,9.730838759361237e-05,9.934366549742418e-05,1.0562292064138572,0.7465601639758771
post_gfc_pre_pandemic,monthly_mixed_frequency_kalman_em,pseudo,pre_second,S,19,0.4312560831970303,0.3081328215486555,-0.07437415187745064,0.9473684210526315,1.0,58.21052631578947,9.660555646239411e-05,9.670344508092069e-05,9.946895884566426e-05,0.3372658791513684,0.019636012720661507
post_gfc_pre_pandemic,monthly_mixed_frequency_kalman_em,pseudo,pre_third,T,20,0.24977934188780515,0.21433510688920676,-0.06877854790029123,1.0,1.0,55.3,9.760695758984635e-05,9.831982765598085e-05,9.985162475136908e-05,0.2117491455093882,0.012372393127545168
post_gfc_pre_pandemic,no_revision,exact,pre_advance,A,20,0.9688147046408403,0.7991012445150069,0.1982922043026592,1.0,1.0,0.0,,,,0.9802567091438289,0.30166056594190094
post_gfc_pre_pandemic,no_revision,exact,pre_second,S,19,0.464025759833949,0.3086578947368421,-0.15937368421052633,0.9473684210526315,1.0,0.0,,,,0.36289356124346545,0.018652965759643522
post_gfc_pre_pandemic,no_revision,exact,pre_third,T,20,0.25832178673120076,0.2081949999999999,-0.09827499999999997,1.0,1.0,0.0,,,,0.2189909589535224,0.012603029407369912
post_gfc_pre_pandemic,no_revision,pseudo,pre_advance,A,20,0.9688147046408403,0.7991012445150069,0.1982922043026592,1.0,1.0,0.0,,,,0.9802567091438289,0.30166056594190094
post_gfc_pre_pandemic,no_revision,pseudo,pre_second,S,19,0.464025759833949,0.3086578947368421,-0.15937368421052633,0.9473684210526315,1.0,0.0,,,,0.36289356124346545,0.018652965759643522
post_gfc_pre_pandemic,no_revision,pseudo,pre_third,T,20,0.25832178673120076,0.2081949999999999,-0.09827499999999997,1.0,1.0,0.0,,,,0.2189909589535224,0.012603029407369912
post_gfc_pre_pandemic,release_dfm,exact,pre_advance,A,20,1.0742429593339324,0.921534758469102,0.44355041077389473,1.0,1.0,0.0,,,,1.0869301044805983,0.48499462069523475
post_gfc_pre_pandemic,release_dfm,exact,pre_second,S,19,0.43269334529565856,0.3106795314426582,-0.059536301637549124,0.9473684210526315,1.0,0.0,,,,0.3383898968386582,0.0193189327704255
post_gfc_pre_pandemic,release_dfm,exact,pre_third,T,20,0.26758531126395313,0.2231841847440706,-0.05178052854667927,1.0,1.0,0.0,,,,0.22684406397570092,0.01359259616168729
post_gfc_pre_pandemic,release_dfm,pseudo,pre_advance,A,20,1.0759155950788895,0.9273649867499536,0.46000353357973545,1.0,1.0,0.0,,,,1.0886224945765515,0.48002326049230076
post_gfc_pre_pandemic,release_dfm,pseudo,pre_second,S,19,0.4328505754164183,0.31093161517514806,-0.05944641899095874,0.9473684210526315,1.0,0.0,,,,0.33851285940538656,0.01933689740242487
post_gfc_pre_pandemic,release_dfm,pseudo,pre_third,T,20,0.2675905682909127,0.22321276625602984,-0.051845715680957985,1.0,1.0,0.0,,,,0.22684852059312252,0.013592697373301812
post_gfc_pre_pandemic,revision_dfm_kalman_em,exact,pre_advance,A,20,1.272687792144914,0.9546016776549037,0.16048021993335043,1.0,1.0,24.2,9.454834354078283e-05,9.444062922428669e-05,9.973101202670996e-05,1.2877186327988233,0.4474803635333237
post_gfc_pre_pandemic,revision_dfm_kalman_em,exact,pre_second,S,19,0.41697390496136494,0.29997868009257156,-0.03576841489002572,0.9473684210526315,1.0,23.68421052631579,9.471934428025577e-05,9.566996528762842e-05,9.974400877103602e-05,0.32609643346346256,0.020220990668592422
post_gfc_pre_pandemic,revision_dfm_kalman_em,exact,pre_third,T,20,0.26821832261191536,0.21455601462098023,-0.0915315598118738,1.0,1.0,24.0,9.383924802627032e-05,9.563027760360748e-05,9.917469636575644e-05,0.2273806960727178,0.013417653770145551
post_gfc_pre_pandemic,revision_dfm_kalman_em,pseudo,pre_advance,A,20,1.2805880051540033,0.935242576169602,0.14166142441111776,1.0,1.0,24.15,9.410825438258405e-05,9.396606065232764e-05,9.946969043778074e-05,1.2957121497930726,0.44875386210673734
post_gfc_pre_pandemic,revision_dfm_kalman_em,pseudo,pre_second,S,19,0.41693359364263854,0.2999059830458844,-0.035728450200109785,0.9473684210526315,1.0,23.68421052631579,9.473290246154298e-05,9.590553485635288e-05,9.955421273392605e-05,0.32606490780416236,0.020220945625182712
post_gfc_pre_pandemic,revision_dfm_kalman_em,pseudo,pre_third,T,20,0.2681836045179476,0.21455729226631068,-0.09159253328062253,1.0,1.0,24.0,9.39463760660082e-05,9.623215357316509e-05,9.918923373989856e-05,0.2273512639880793,0.013415585757600898
post_gfc_pre_pandemic,spf,exact,pre_advance,A,20,1.059470222328122,0.7888499999999999,0.39226,1.0,1.0,0.0,,,,1.0719828968329488,0.51709969246219
post_gfc_pre_pandemic,spf,exact,pre_second,S,19,1.1661875111030091,0.8808263157894736,0.2521526315789473,0.9473684210526315,1.0,0.0,,,,0.9120225117098383,0.3016087878205406
post_gfc_pre_pandemic,spf,exact,pre_third,T,20,1.0208745304884435,0.7906399999999999,0.14258,0.95,1.0,0.0,,,,0.8654411044141666,0.1133570309503363
post_gfc_pre_pandemic,spf,pseudo,pre_advance,A,20,1.059470222328122,0.7888499999999999,0.39226,1.0,1.0,0.0,,,,1.0719828968329488,0.51709969246219
post_gfc_pre_pandemic,spf,pseudo,pre_second,S,19,1.1661875111030091,0.8808263157894736,0.2521526315789473,0.9473684210526315,1.0,0.0,,,,0.9120225117098383,0.3016087878205406
post_gfc_pre_pandemic,spf,pseudo,pre_third,T,20,1.0208745304884435,0.7906399999999999,0.14258,0.95,1.0,0.0,,,,0.8654411044141666,0.1133570309503363
post_gfc_pre_pandemic,standard_dfm,exact,pre_advance,A,20,1.0742429593339324,0.921534758469102,0.44355041077389473,1.0,1.0,0.0,,,,1.0869301044805983,0.48499462069523475
post_gfc_pre_pandemic,standard_dfm,exact,pre_second,S,19,1.1966397959269073,0.9937824455571352,0.44701413367279774,0.9473684210526315,1.0,0.0,,,,0.9358378664688053,0.697036528559564
post_gfc_pre_pandemic,standard_dfm,exact,pre_third,T,20,1.073047132293578,0.9204190323591275,0.4005714512387753,0.95,1.0,0.0,,,,0.9096701578168337,0.5601573490143721
post_gfc_pre_pandemic,standard_dfm,pseudo,pre_advance,A,20,1.0759155950788895,0.9273649867499536,0.46000353357973545,1.0,1.0,0.0,,,,1.0886224945765515,0.48002326049230076
post_gfc_pre_pandemic,standard_dfm,pseudo,pre_second,S,19,1.1960184231285758,0.9928971051017339,0.4482252754532215,0.9473684210526315,1.0,0.0,,,,0.9353519189047584,0.6943254284633469
post_gfc_pre_pandemic,standard_dfm,pseudo,pre_third,T,20,1.076555960491654,0.9220642300700481,0.40066901245424386,0.95,1.0,0.0,,,,0.9126447487780652,0.5738087997702496
post_pandemic,ar,exact,pre_advance,A,16,2.3356937367860615,1.704268087115823,-0.370360890058391,0.875,1.0,0.0,,,,1.0,1.0
post_pandemic,ar,exact,pre_second,S,16,2.342059462812825,1.7345865317939624,-0.3123750115298789,0.875,1.0,0.0,,,,1.0,1.0
post_pandemic,ar,exact,pre_third,T,16,2.3044527553570258,1.6962319513698854,-0.3385492200607658,0.875,1.0,0.0,,,,1.0,1.0
post_pandemic,ar,pseudo,pre_advance,A,16,2.3356937367860615,1.704268087115823,-0.370360890058391,0.875,1.0,0.0,,,,1.0,1.0
post_pandemic,ar,pseudo,pre_second,S,16,2.342059462812825,1.7345865317939624,-0.3123750115298789,0.875,1.0,0.0,,,,1.0,1.0
post_pandemic,ar,pseudo,pre_third,T,16,2.3044527553570258,1.6962319513698854,-0.3385492200607658,0.875,1.0,0.0,,,,1.0,1.0
post_pandemic,bridge,exact,pre_advance,A,16,2.646633669048198,1.9318322540392734,-0.41665872884974114,0.8125,1.0,0.0,,,,1.1331253012177842,0.5358109990105266
post_pandemic,bridge,exact,pre_second,S,16,2.522034009362986,1.6880285764843488,-0.3686064141096719,0.8125,1.0,0.0,,,,1.0768445675303269,0.7196446043741449
post_pandemic,bridge,exact,pre_third,T,16,2.2951214067956514,1.596946100202747,-0.3071388750857985,0.8125,1.0,0.0,,,,0.9959507312355689,0.9840993024608867
post_pandemic,bridge,pseudo,pre_advance,A,16,2.614181950454333,1.8856243890612765,-0.33581905983172455,0.8125,1.0,0.0,,,,1.1192314768337197,0.5925880568488857
post_pandemic,bridge,pseudo,pre_second,S,16,2.493170318500561,1.660634398539011,-0.33197288456065654,0.8125,1.0,0.0,,,,1.0645205034658904,0.7649705656982201
post_pandemic,bridge,pseudo,pre_third,T,16,2.263393801331531,1.5491955148084402,-0.30077405603402996,0.8125,1.0,0.0,,,,0.982182774660905,0.9285881133781877
post_pandemic,indicator_revision_only_dfm_kalman_em,exact,pre_advance,A,16,2.7000961612460554,2.0622068985047184,0.06953304979873332,0.875,1.0,40.9375,9.020521205231543e-05,8.954054599197078e-05,9.994937829329918e-05,1.15601464298201,0.42719170770256293
post_pandemic,indicator_revision_only_dfm_kalman_em,exact,pre_second,S,16,0.37762969149653014,0.2917557920647583,-0.010863608625485507,1.0,1.0,42.25,8.935007029820875e-05,9.040213355529872e-05,9.98551497555606e-05,0.16123830222610788,0.01659001609062725
post_pandemic,indicator_revision_only_dfm_kalman_em,exact,pre_third,T,16,0.24652202653720348,0.1762420211909783,-0.10006371106604783,1.0,1.0,41.75,8.901498101606249e-05,8.90380394375469e-05,9.999513786038743e-05,0.10697638559268713,0.023672988118484235
post_pandemic,indicator_revision_only_dfm_kalman_em,pseudo,pre_advance,A,16,2.6759900518817297,2.01333045467343,0.14381899887898686,0.875,1.0,43.125,8.523078329809415e-05,8.679742502176121e-05,9.62590754409106e-05,1.1456938937396473,0.4632766758919738
post_pandemic,indicator_revision_only_dfm_kalman_em,pseudo,pre_second,S,16,0.37738302004864765,0.2914641613630235,-0.010713231821887804,1.0,1.0,42.8125,8.660945422256138e-05,8.818837962862906e-05,9.45036988476861e-05,0.16113297977302796,0.01658633439851841
post_pandemic,indicator_revision_only_dfm_kalman_em,pseudo,pre_third,T,16,0.24651095045147564,0.17622112365156947,-0.10005639103186634,1.0,1.0,41.8125,8.816907543760842e-05,8.818606785665985e-05,9.999513786038743e-05,0.1069715792083071,0.02367272902158575
post_pandemic,joint_indicator_revision_dfm_full_kalman_em,exact,pre_advance,A,16,2.64976018541889,2.0205167646345084,0.016329452900889996,0.875,1.0,45.125,8.922328548665584e-05,8.998584233395894e-05,9.665610190440548e-05,1.1344638826942215,0.3991444594340375
post_pandemic,joint_indicator_revision_dfm_full_kalman_em,exact,pre_second,S,16,0.42149855896685895,0.3505533181019325,0.10856179339206361,1.0,1.0,46.3125,9.028729069959665e-05,9.056093206195998e-05,9.74159031928528e-05,0.17996919619651208,0.018425379463654974
post_pandemic,joint_indicator_revision_dfm_full_kalman_em,exact,pre_third,T,16,0.2523815826679814,0.18629764654754277,-0.08624614457582142,1.0,1.0,46.4375,9.205185633884784e-05,9.445109718303467e-05,9.97353116580275e-05,0.10951909605492444,0.023749834163736935
post_pandemic,joint_indicator_revision_dfm_full_kalman_em,pseudo,pre_advance,A,16,2.6393283544167137,2.0130437928963856,0.04276428916596642,0.875,1.0,44.8125,8.958416713176629e-05,8.909573957266734e-05,9.693383583946794e-05,1.129997616060938,0.41602662187416645
post_pandemic,joint_indicator_revision_dfm_full_kalman_em,pseudo,pre_second,S,16,0.4192669989512961,0.3492226882244439,0.1090395196363772,1.0,1.0,46.375,8.986358437096705e-05,9.025027544613599e-05,9.82066869580083e-05,0.1790163766584109,0.018381807357599263
post_pandemic,joint_indicator_revision_dfm_full_kalman_em,pseudo,pre_third,T,16,0.25235791285369813,0.18636369661660906,-0.08622954439024767,1.0,1.0,46.5625,9.101911849916994e-05,9.22160972135391e-05,9.958471917730614e-05,0.10950882471643497,0.02374908445966454
post_pandemic,midas_umidas,exact,pre_advance,A,16,4.212552998363993,3.161343563413432,-0.255397419027211,0.625,1.0,0.0,,,,1.8035553771533888,0.03732707024289524
post_pandemic,midas_umidas,exact,pre_second,S,16,1.3954068983179253,1.0191809534254892,0.4799020934851198,1.0,1.0,0.0,,,,0.5958033604501377,0.12297288820004122
post_pandemic,midas_umidas,exact,pre_third,T,16,1.1202247476237173,0.8819516110387278,-0.06817865992316641,1.0,1.0,0.0,,,,0.486113132508183,0.05554721101906923
post_pandemic,midas_umidas,pseudo,pre_advance,A,16,4.228649260241539,3.2279140935602335,-0.19921941264499984,0.625,1.0,0.0,,,,1.8104468037235926,0.03571630230653406
post_pandemic,midas_umidas,pseudo,pre_second,S,16,1.3868443776182153,0.9969127460834357,0.455539925620623,1.0,1.0,0.0,,,,0.5921473812422373,0.12243259075645693
post_pandemic,midas_umidas,pseudo,pre_third,T,16,1.1134838673317724,0.8729329753029597,-0.056883529736807825,1.0,1.0,0.0,,,,0.4831879780322343,0.05389284460625015
post_pandemic,monthly_mixed_frequency_kalman_em,exact,pre_advance,A,16,3.483860368372284,2.4587521613135905,-0.37303096601084584,0.8125,1.0,34.0625,9.570906125722767e-05,9.515285346198331e-05,9.962584537987629e-05,1.4915741364131547,0.07929304965959581
post_pandemic,monthly_mixed_frequency_kalman_em,exact,pre_second,S,16,0.2508883546083126,0.18434118226206586,0.028079468386586297,1.0,1.0,34.0,9.651675465050851e-05,9.617625652741884e-05,9.977681686432027e-05,0.1071229653183077,0.01631407518459764
post_pandemic,monthly_mixed_frequency_kalman_em,exact,pre_third,T,16,0.2510905813426667,0.1881959936458738,-0.05144576776549854,1.0,1.0,33.0625,9.600011751986941e-05,9.66364288965672e-05,9.936945580143738e-05,0.10895887570659507,0.023612252977516207
post_pandemic,monthly_mixed_frequency_kalman_em,pseudo,pre_advance,A,16,3.4826969577116857,2.4588466580107573,-0.3725839141516476,0.8125,1.0,34.0,9.63850595762591e-05,9.579624845238935e-05,9.998277984253292e-05,1.4910760357237214,0.07935584781849252
post_pandemic,monthly_mixed_frequency_kalman_em,pseudo,pre_second,S,16,0.2502429492100313,0.1823187164374132,0.02606594316129193,1.0,1.0,33.9375,9.675107770951613e-05,9.66574655238231e-05,9.977303737203902e-05,0.10684739357961831,0.01631317212275315
post_pandemic,monthly_mixed_frequency_kalman_em,pseudo,pre_third,T,16,0.2515047477189664,0.1887337146030135,-0.05201791706747849,1.0,1.0,33.0625,9.597107013525143e-05,9.663647446578514e-05,9.93358560235225e-05,0.10913860010117722,0.023621924256298533
post_pandemic,no_revision,exact,pre_advance,A,16,2.954519065005074,2.0773530325292087,-0.6704937307616538,0.8125,1.0,0.0,,,,1.2649428383836498,0.2304401357559075
post_pandemic,no_revision,exact,pre_second,S,16,0.2127538160644833,0.17186249999999997,-0.03735,1.0,1.0,0.0,,,,0.09084048438674777,0.01671693648241473
post_pandemic,no_revision,exact,pre_third,T,16,0.24261148854701833,0.17103125000000002,-0.09706875000000001,1.0,1.0,0.0,,,,0.10527943694355793,0.02364888627327182
post_pandemic,no_revision,pseudo,pre_advance,A,16,2.954519065005074,2.0773530325292087,-0.6704937307616538,0.8125,1.0,0.0,,,,1.2649428383836498,0.2304401357559075
post_pandemic,no_revision,pseudo,pre_second,S,16,0.2127538160644833,0.17186249999999997,-0.03735,1.0,1.0,0.0,,,,0.09084048438674777,0.01671693648241473
post_pandemic,no_revision,pseudo,pre_third,T,16,0.24261148854701833,0.17103125000000002,-0.09706875000000001,1.0,1.0,0.0,,,,0.10527943694355793,0.02364888627327182
post_pandemic,release_dfm,exact,pre_advance,A,16,2.729114334489641,1.782818146012234,0.24995279622914796,0.875,1.0,0.0,,,,1.1684384350171397,0.5809001998318719
post_pandemic,release_dfm,exact,pre_second,S,16,0.22731464950746563,0.17307225610082977,0.07329675094759944,1.0,1.0,0.0,,,,0.09705759102907645,0.0170508043910176
post_pandemic,release_dfm,exact,pre_third,T,16,0.2382068807509537,0.16942856837208653,-0.01729135478114879,1.0,1.0,0.0,,,,0.10336809040550221,0.023504209161137463
post_pandemic,release_dfm,pseudo,pre_advance,A,16,2.727881934667044,1.7524044299423363,0.3113159987254962,0.875,1.0,0.0,,,,1.1679107974235687,0.5853600069197233
post_pandemic,release_dfm,pseudo,pre_second,S,16,0.22721201346469605,0.17273516375479256,0.07300220336623052,1.0,1.0,0.0,,,,0.09701376804148829,0.017051394068206133
post_pandemic,release_dfm,pseudo,pre_third,T,16,0.23825252018612547,0.16935483907947158,-0.017358306450352357,1.0,1.0,0.0,,,,0.10338789529630141,0.023505437156953163
post_pandemic,revision_dfm_kalman_em,exact,pre_advance,A,16,2.7867005036302923,2.1329013304355735,-0.12846275125058593,0.875,1.0,22.0625,8.738474625413858e-05,8.503080924998898e-05,9.975678079032147e-05,1.1930932809131136,0.3040300419125435
post_pandemic,revision_dfm_kalman_em,exact,pre_second,S,16,0.23159002475127616,0.17469185583473426,0.11666757527977482,1.0,1.0,22.0,8.860652683949897e-05,8.817443088220691e-05,9.943649750745751e-05,0.09888306784198186,0.01695980184797401
post_pandemic,revision_dfm_kalman_em,exact,pre_third,T,16,0.24421772165505518,0.17532414042553734,-0.08353827464963746,1.0,1.0,22.0625,8.683351306613943e-05,8.257394268268667e-05,9.94171695732985e-05,0.10597644976115765,0.02367578998202091
post_pandemic,revision_dfm_kalman_em,pseudo,pre_advance,A,16,2.771407780410867,2.1101948132359256,-0.10772464400127668,0.875,1.0,22.0625,8.740653211959918e-05,8.48914640205818e-05,9.976212556973064e-05,1.186545880036632,0.3258721904441863
post_pandemic,revision_dfm_kalman_em,pseudo,pre_second,S,16,0.22812308944746498,0.17232492753555317,0.1142587258169156,1.0,1.0,22.0,8.853836164374107e-05,8.762174906600158e-05,9.939391888460824e-05,0.09740277438280241,0.0169574088720113
post_pandemic,revision_dfm_kalman_em,pseudo,pre_third,T,16,0.24422410130386596,0.17532692414077067,-0.0835125657155179,1.0,1.0,22.0625,8.685397014276773e-05,8.257370553216463e-05,9.9424423731224e-05,0.10597921816193999,0.023675942816103402
post_pandemic,spf,exact,pre_advance,A,16,2.29984381847442,1.9477812499999998,-0.3190812499999999,0.875,1.0,0.0,,,,0.9846512760868334,0.8933400972646167
post_pandemic,spf,exact,pre_second,S,16,2.2974969900687574,1.97720625,-0.35643125,0.875,1.0,0.0,,,,0.9809729541663526,0.8687396473248723
post_pandemic,spf,exact,pre_third,T,16,2.2876476293891943,2.016375,-0.45350000000000007,0.875,1.0,0.0,,,,0.9927075415502593,0.9535164686664147
post_pandemic,spf,pseudo,pre_advance,A,16,2.29984381847442,1.9477812499999998,-0.3190812499999999,0.875,1.0,0.0,,,,0.9846512760868334,0.8933400972646167
post_pandemic,spf,pseudo,pre_second,S,16,2.2974969900687574,1.97720625,-0.35643125,0.875,1.0,0.0,,,,0.9809729541663526,0.8687396473248723
post_pandemic,spf,pseudo,pre_third,T,16,2.2876476293891943,2.016375,-0.45350000000000007,0.875,1.0,0.0,,,,0.9927075415502593,0.9535164686664147
post_pandemic,standard_dfm,exact,pre_advance,A,16,2.729114334489641,1.782818146012234,0.24995279622914796,0.875,1.0,0.0,,,,1.1684384350171397,0.5809001998318719
post_pandemic,standard_dfm,exact,pre_second,S,16,2.7707290723628057,1.6692028501785905,0.44939663314051775,0.875,1.0,0.0,,,,1.1830310529499308,0.588878463457146
post_pandemic,standard_dfm,exact,pre_third,T,16,2.7047462116601566,1.6600295660431437,0.4213140241757016,0.875,1.0,0.0,,,,1.1737043449350792,0.594603943643502
post_pandemic,standard_dfm,pseudo,pre_advance,A,16,2.727881934667044,1.7524044299423363,0.3113159987254962,0.875,1.0,0.0,,,,1.1679107974235687,0.5853600069197233
post_pandemic,standard_dfm,pseudo,pre_second,S,16,2.7680040824987104,1.661456151740191,0.47632713330080695,0.875,1.0,0.0,,,,1.181867551379043,0.5912938451208092
post_pandemic,standard_dfm,pseudo,pre_third,T,16,2.692879684487837,1.6419366482170534,0.42884516368159575,0.875,1.0,0.0,,,,1.1685549544150375,0.6024308157251832
